Model,Year,Region,Color,Fuel_Type,Transmission,Engine_Size_L,Mileage_KM,Price_USD,Sales_Volume,Sales_Classification
X6,2010,South America,Silver,Petrol,Manual,2.0,45708.0,43547.0,6936,Low
I3,2010,North America,Silver,Hybrid,Automatic,4.0,168305.0,115411.0,1488,Low
7 Series,2010,North America,White,Petrol,Manual,1.7,56052.0,99698.0,992,Low
X3,2010,Asia,White,Hybrid,Manual,3.0,53657.0,41386.0,5263,Low
X3,2010,South America,Blue,Electric,Automatic,2.2,73482.0,61329.0,4579,Low
X6,2010,North America,Blue,Petrol,Automatic,2.8,36327.0,66518.0,7163,High
X1,2010,Asia,Red,Diesel,Manual,2.7,198600.0,100180.0,8350,High
X5,2010,North America,Grey,Diesel,Manual,4.6,53211.0,116928.0,9850,High
M3,2010,South America,Blue,Petrol,Automatic,4.3,191728.0,54325.0,9996,High
3 Series,2010,Middle East,Blue,Diesel,Automatic,1.7,149295.0,109920.0,6039,Low
I3,2010,Africa,Blue,Petrol,Manual,3.6,91061.0,45834.0,7607,High
5 Series,2010,Asia,Blue,Hybrid,Manual,2.4,41747.0,91955.0,7263,High
I8,2010,Middle East,Grey,Petrol,Automatic,4.0,98514.0,37949.0,2278,Low
X1,2010,North America,Red,Hybrid,Manual,3.6,4768.0,35905.0,5184,Low
X6,2010,Europe,Red,Hybrid,Manual,3.8,128477.0,68106.0,1048,Low
M3,2010,Europe,Black,Hybrid,Manual,4.0,87426.0,60458.0,9098,High
5 Series,2010,North America,Black,Electric,Manual,1.7,191728.0,112676.0,8052,High
7 Series,2010,Middle East,Red,Petrol,Automatic,2.8,199290.0,102260.0,2200,Low
7 Series,2010,Asia,White,Petrol,Automatic,2.8,28668.0,65268.0,2069,Low
I8,2010,North America,White,Electric,Automatic,2.5,75457.0,101282.0,8396,High
X5,2010,Asia,White,Petrol,Automatic,3.8,35565.0,39793.0,6620,Low
3 Series,2010,Europe,Black,Hybrid,Automatic,4.4,16898.0,99833.0,7751,High
X3,2010,North America,Black,Electric,Manual,2.0,191879.0,50319.0,1311,Low
5 Series,2010,Africa,Grey,Electric,Manual,3.1,127690.0,74267.0,2849,Low
M5,2010,Middle East,Blue,Hybrid,Automatic,1.7,112536.0,50314.0,8619,High
X6,2010,Africa,Silver,Petrol,Manual,1.7,176650.0,33796.0,5935,Low
M3,2010,Middle East,Grey,Petrol,Manual,3.8,20833.0,30946.0,6000,Low
I8,2010,Asia,White,Electric,Automatic,2.1,71119.0,59940.0,9535,High
X1,2010,Middle East,Grey,Diesel,Manual,4.5,26493.0,107374.0,6025,Low
7 Series,2010,South America,Black,Petrol,Manual,4.3,52940.0,51743.0,4350,Low
5 Series,2010,South America,Red,Electric,Automatic,4.0,9951.0,39129.0,8440,High
M3,2010,North America,Grey,Diesel,Automatic,2.1,192673.0,65837.0,8764,High
I3,2010,South America,Red,Hybrid,Manual,3.6,161511.0,110354.0,5904,Low
7 Series,2010,Europe,White,Hybrid,Manual,4.4,118541.0,43507.0,6296,Low
3 Series,2010,Africa,Red,Diesel,Automatic,4.1,123015.0,105114.0,8248,High
I8,2010,South America,Black,Hybrid,Automatic,4.7,16020.0,102215.0,5006,Low
M5,2010,Europe,Red,Diesel,Manual,4.9,28560.0,32486.0,4427,Low
I3,2010,Middle East,Silver,Hybrid,Manual,3.5,163763.0,57271.0,8319,High
3 Series,2010,North America,Black,Diesel,Automatic,1.8,172040.0,45092.0,6364,Low
X3,2010,Middle East,Red,Diesel,Automatic,2.9,35130.0,113525.0,6461,Low
I3,2010,Europe,Red,Petrol,Automatic,1.8,126567.0,46702.0,7510,High
7 Series,2010,Africa,Blue,Diesel,Automatic,2.7,185870.0,92721.0,7521,High
M5,2010,Africa,White,Hybrid,Automatic,4.1,140387.0,80402.0,4766,Low
M5,2010,Asia,Blue,Electric,Manual,4.0,164797.0,32353.0,3422,Low
X6,2010,Asia,Red,Electric,Manual,2.3,180396.0,103056.0,3972,Low
X3,2010,Europe,Grey,Electric,Automatic,4.5,135139.0,107638.0,4192,Low
5 Series,2010,Europe,Red,Petrol,Manual,1.8,194101.0,34120.0,1344,Low
I8,2010,Africa,Black,Diesel,Automatic,3.9,198804.0,33223.0,6579,Low
X6,2010,Middle East,Black,Petrol,Automatic,3.6,3514.0,68930.0,7739,High
M5,2010,South America,White,Diesel,Manual,2.8,121393.0,108152.0,7139,High
X5,2010,Middle East,Blue,Hybrid,Manual,1.7,100907.0,88374.0,2910,Low
X5,2010,Europe,Grey,Electric,Automatic,3.2,101302.0,67107.0,6834,Low
X5,2010,South America,Blue,Diesel,Manual,4.4,18925.0,82819.0,1701,Low
I8,2010,Europe,White,Petrol,Automatic,4.7,165927.0,114137.0,923,Low
I3,2010,Asia,White,Petrol,Manual,4.4,25644.0,33486.0,4936,Low
M3,2010,Asia,Blue,Hybrid,Automatic,3.3,141383.0,84591.0,8926,High
X1,2010,Europe,Silver,Electric,Manual,2.5,97558.0,101553.0,1718,Low
3 Series,2010,South America,Grey,Diesel,Automatic,1.9,43079.0,59320.0,2996,Low
3 Series,2010,Asia,Black,Petrol,Manual,2.1,107572.0,86660.0,8650,High
M3,2010,Africa,Red,Electric,Manual,4.0,15805.0,45507.0,1697,Low
X3,2010,Africa,Grey,Hybrid,Manual,4.2,158043.0,55462.0,7748,High
X5,2010,Africa,Black,Diesel,Automatic,2.2,187108.0,105887.0,5236,Low
X1,2010,Africa,Grey,Diesel,Automatic,1.6,100516.0,49598.0,1252,Low
X1,2010,South America,Red,Diesel,Automatic,2.6,18447.0,39344.0,7772,High
M5,2010,North America,Black,Diesel,Manual,3.3,124837.0,76678.0,9533,High
5 Series,2010,Middle East,Red,Petrol,Automatic,4.6,40536.0,63698.0,3176,Low
M5,2011,Africa,Red,Petrol,Automatic,2.5,41594.0,93495.0,489,Low
X6,2011,South America,Blue,Petrol,Manual,3.0,169730.0,86385.0,9968,High
M3,2011,Asia,Red,Diesel,Automatic,3.7,40915.0,44322.0,2191,Low
3 Series,2011,Africa,Silver,Hybrid,Manual,4.0,49222.0,97639.0,694,Low
7 Series,2011,Africa,White,Electric,Manual,2.3,196952.0,71833.0,7366,High
X6,2011,North America,Black,Diesel,Automatic,4.5,109348.0,85468.0,8241,High
X3,2011,Middle East,Grey,Hybrid,Automatic,2.2,59103.0,46517.0,9462,High
X1,2011,Middle East,Blue,Petrol,Automatic,3.1,92207.0,70535.0,9807,High
X3,2011,Europe,Blue,Hybrid,Manual,2.0,17853.0,97419.0,6984,Low
7 Series,2011,South America,White,Diesel,Automatic,1.5,109461.0,116095.0,9317,High
X6,2011,Africa,Red,Hybrid,Automatic,3.6,97667.0,81625.0,3309,Low
X1,2011,North America,Black,Hybrid,Automatic,3.2,104742.0,107465.0,6481,Low
3 Series,2011,North America,Grey,Hybrid,Automatic,4.1,146359.0,105042.0,2463,Low
X6,2011,Middle East,Blue,Diesel,Automatic,3.4,27706.0,117237.0,5425,Low
X5,2011,Asia,Blue,Petrol,Automatic,2.2,84467.0,81092.0,9627,High
3 Series,2011,South America,Black,Diesel,Automatic,1.5,176697.0,68650.0,5816,Low
X1,2011,Africa,White,Diesel,Manual,1.9,69440.0,53736.0,9311,High
M5,2011,South America,Black,Hybrid,Manual,4.9,57511.0,89085.0,5138,Low
I8,2011,Middle East,Grey,Diesel,Automatic,2.7,144698.0,37887.0,2085,Low
M3,2011,South America,White,Petrol,Automatic,2.7,75468.0,39495.0,7431,High
3 Series,2011,Europe,White,Electric,Automatic,2.6,14540.0,30328.0,4360,Low
M5,2011,Middle East,White,Electric,Manual,4.8,158280.0,98458.0,5606,Low
X3,2011,North America,Black,Hybrid,Automatic,2.5,139511.0,37168.0,5499,Low
I8,2011,Europe,Red,Hybrid,Automatic,3.8,184765.0,44846.0,1431,Low
I3,2011,Asia,Black,Electric,Manual,3.6,153149.0,39362.0,1160,Low
3 Series,2011,Middle East,Red,Hybrid,Automatic,4.0,22280.0,55612.0,6698,Low
X1,2011,South America,Blue,Diesel,Manual,4.2,183658.0,52709.0,3813,Low
5 Series,2011,South America,Blue,Electric,Manual,1.9,49153.0,96884.0,7612,High
X3,2011,Africa,Silver,Hybrid,Automatic,3.1,131650.0,32066.0,1762,Low
7 Series,2011,North America,Silver,Hybrid,Manual,2.9,165322.0,85496.0,6834,Low
M5,2011,North America,Grey,Hybrid,Automatic,3.5,94375.0,71912.0,2167,Low
M5,2011,Asia,Black,Diesel,Manual,2.2,129690.0,36553.0,7061,High
M3,2011,North America,Red,Electric,Automatic,1.7,119960.0,56835.0,6900,Low
5 Series,2011,Asia,Silver,Electric,Manual,3.9,48494.0,32026.0,4716,Low
X5,2011,Europe,Blue,Petrol,Automatic,4.9,141616.0,117994.0,6327,Low
X6,2011,Asia,Red,Hybrid,Automatic,3.9,53224.0,116905.0,371,Low
3 Series,2011,Asia,Blue,Diesel,Automatic,3.5,196822.0,74108.0,4182,Low
X5,2011,North America,Black,Petrol,Automatic,4.9,18263.0,66403.0,6690,Low
X1,2011,Asia,Grey,Electric,Automatic,4.9,133987.0,98433.0,9105,High
X5,2011,Africa,Grey,Petrol,Manual,3.7,122462.0,42377.0,3023,Low
5 Series,2011,North America,Red,Diesel,Automatic,4.7,71582.0,109162.0,7163,High
M3,2011,Europe,Black,Petrol,Automatic,4.8,42199.0,70170.0,1413,Low
X5,2011,Middle East,Grey,Electric,Automatic,4.6,173448.0,100926.0,9527,High
7 Series,2011,Asia,Grey,Petrol,Automatic,4.1,108596.0,101241.0,1535,Low
I3,2011,Africa,White,Diesel,Manual,1.6,97680.0,115240.0,5797,Low
I8,2011,South America,Grey,Hybrid,Manual,4.4,75257.0,72658.0,4334,Low
M5,2011,Europe,Grey,Electric,Automatic,3.3,78042.0,49507.0,9383,High
5 Series,2011,Europe,White,Petrol,Automatic,2.1,146963.0,90224.0,3683,Low
7 Series,2011,Middle East,Silver,Hybrid,Manual,3.8,15556.0,35878.0,2145,Low
X1,2011,Europe,Black,Petrol,Automatic,2.3,107550.0,50806.0,6936,Low
X5,2011,South America,Red,Electric,Automatic,4.6,115045.0,118371.0,2102,Low
I3,2011,South America,Blue,Petrol,Automatic,2.9,154366.0,88919.0,7223,High
I8,2011,Asia,White,Hybrid,Automatic,2.5,62983.0,93444.0,6870,Low
M3,2011,Africa,White,Hybrid,Manual,2.9,49603.0,80312.0,2792,Low
M3,2011,Middle East,Black,Diesel,Automatic,4.6,106672.0,101785.0,1625,Low
X6,2011,Europe,Red,Diesel,Automatic,2.0,14591.0,34206.0,2503,Low
I3,2011,Europe,Silver,Electric,Manual,3.7,5349.0,30084.0,9255,High
I3,2011,North America,Grey,Electric,Automatic,2.2,131725.0,73410.0,6205,Low
X3,2011,South America,Black,Petrol,Automatic,3.2,3555.0,63102.0,987,Low
5 Series,2011,Middle East,Red,Hybrid,Automatic,3.1,139212.0,31815.0,2011,Low
I8,2011,North America,Silver,Diesel,Automatic,2.5,129520.0,38071.0,8143,High
5 Series,2011,Africa,Red,Electric,Automatic,3.4,170394.0,119524.0,5356,Low
7 Series,2011,Europe,Grey,Diesel,Manual,3.7,123800.0,67892.0,9663,High
I3,2011,Middle East,Silver,Electric,Automatic,4.2,172246.0,61625.0,3251,Low
I8,2011,Africa,Red,Hybrid,Automatic,2.8,125267.0,108465.0,9086,High
X3,2011,Asia,White,Diesel,Manual,2.8,145982.0,88936.0,3102,Low
X5,2012,Africa,Blue,Electric,Manual,3.8,142243.0,82677.0,7104,High
7 Series,2012,Europe,Black,Hybrid,Automatic,3.9,131987.0,40736.0,9968,High
I8,2012,Europe,Blue,Electric,Manual,1.7,67114.0,68714.0,5960,Low
I8,2012,North America,Blue,Diesel,Automatic,2.9,171718.0,97052.0,3452,Low
I3,2012,Europe,Black,Hybrid,Automatic,2.3,183685.0,119952.0,9131,High
X6,2012,Europe,Black,Diesel,Automatic,3.9,131425.0,67268.0,1689,Low
I8,2012,Middle East,Red,Diesel,Automatic,3.2,110845.0,100747.0,3291,Low
M3,2012,Europe,White,Diesel,Manual,4.7,194359.0,93837.0,8190,High
X6,2012,South America,Grey,Diesel,Manual,2.6,186337.0,56075.0,9184,High
M5,2012,North America,Grey,Electric,Automatic,2.3,157101.0,35561.0,3859,Low
7 Series,2012,Middle East,Blue,Electric,Manual,3.9,81509.0,110453.0,3265,Low
3 Series,2012,Asia,Grey,Hybrid,Manual,4.6,45767.0,119809.0,2198,Low
X5,2012,Europe,Blue,Electric,Manual,3.5,16597.0,46714.0,3609,Low
X1,2012,Asia,Red,Hybrid,Automatic,4.4,78636.0,48370.0,6533,Low
X6,2012,North America,Blue,Hybrid,Automatic,4.8,145401.0,116398.0,8192,High
5 Series,2012,Europe,Black,Electric,Manual,4.5,36826.0,106372.0,3803,Low
X3,2012,Europe,Silver,Hybrid,Manual,4.4,81291.0,102431.0,2403,Low
I3,2012,North America,Blue,Electric,Manual,3.2,185479.0,108141.0,1416,Low
X1,2012,Middle East,White,Electric,Automatic,2.1,180074.0,42552.0,5542,Low
M5,2012,South America,Silver,Hybrid,Manual,1.6,48067.0,88746.0,6100,Low
3 Series,2012,South America,Blue,Petrol,Manual,3.7,78678.0,96429.0,6974,Low
X1,2012,Europe,Silver,Electric,Manual,3.9,63716.0,74494.0,6791,Low
X5,2012,South America,Blue,Diesel,Manual,1.9,187160.0,118290.0,6508,Low
X5,2012,North America,White,Petrol,Automatic,4.2,172752.0,85983.0,3403,Low
X1,2012,North America,Black,Electric,Manual,1.8,80289.0,100980.0,3581,Low
I8,2012,Asia,White,Diesel,Manual,2.0,93548.0,36222.0,1079,Low
5 Series,2012,South America,Black,Petrol,Manual,3.5,13804.0,44482.0,4875,Low
X1,2012,South America,Blue,Electric,Automatic,3.6,128637.0,76331.0,6934,Low
3 Series,2012,North America,White,Hybrid,Manual,3.8,110051.0,82258.0,9890,High
5 Series,2012,Asia,Red,Diesel,Automatic,2.7,124260.0,39501.0,6584,Low
M5,2012,Middle East,Red,Diesel,Manual,1.7,71227.0,114903.0,8924,High
M5,2012,Africa,Grey,Hybrid,Automatic,2.8,101075.0,57456.0,6328,Low
X6,2012,Asia,Grey,Electric,Manual,2.3,193468.0,57159.0,8845,High
X1,2012,Africa,White,Electric,Automatic,4.3,185093.0,108905.0,5952,Low
7 Series,2012,Asia,Black,Petrol,Automatic,2.8,135380.0,73561.0,2753,Low
3 Series,2012,Middle East,White,Electric,Manual,2.4,101595.0,117995.0,500,Low
3 Series,2012,Europe,Blue,Diesel,Manual,2.2,154736.0,78565.0,3990,Low
M3,2012,Middle East,Grey,Petrol,Manual,2.6,67769.0,46260.0,3134,Low
I8,2012,Africa,Silver,Hybrid,Manual,2.1,81362.0,38764.0,5899,Low
X5,2012,Middle East,Black,Petrol,Manual,3.1,107014.0,57537.0,4125,Low
X5,2012,Asia,Silver,Hybrid,Automatic,4.4,148264.0,117863.0,632,Low
7 Series,2012,South America,Silver,Petrol,Manual,3.8,93073.0,102551.0,6709,Low
I3,2012,Asia,White,Hybrid,Manual,3.9,193905.0,93508.0,8438,High
X3,2012,Asia,Red,Hybrid,Manual,2.9,25112.0,51835.0,9016,High
I3,2012,Middle East,Silver,Petrol,Automatic,3.6,53579.0,80919.0,2377,Low
M5,2012,Europe,Black,Electric,Manual,5.0,86899.0,56202.0,3235,Low
X3,2012,North America,White,Diesel,Automatic,2.3,121703.0,116468.0,8333,High
I8,2012,South America,Red,Petrol,Automatic,4.3,176274.0,112544.0,8791,High
5 Series,2012,Africa,Blue,Electric,Automatic,1.9,117047.0,35004.0,2434,Low
X6,2012,Africa,Black,Hybrid,Manual,4.6,17763.0,53320.0,101,Low
M3,2012,Asia,Blue,Electric,Manual,3.1,59715.0,106799.0,7318,High
3 Series,2012,Africa,Red,Electric,Automatic,2.3,190156.0,116827.0,9454,High
I3,2012,South America,Grey,Petrol,Manual,1.8,180582.0,61076.0,6824,Low
X6,2012,Middle East,Red,Diesel,Automatic,3.6,181731.0,38379.0,8537,High
I3,2012,Africa,Blue,Petrol,Automatic,2.9,93629.0,99958.0,8216,High
X3,2012,South America,Red,Diesel,Automatic,4.6,71247.0,46723.0,1251,Low
5 Series,2012,Middle East,Blue,Electric,Automatic,3.0,121611.0,76420.0,6844,Low
M3,2012,Africa,Red,Petrol,Manual,1.5,70787.0,108417.0,2123,Low
M3,2012,North America,Red,Electric,Automatic,1.8,46129.0,69957.0,8957,High
X3,2012,Middle East,Silver,Hybrid,Automatic,4.9,110369.0,40370.0,6148,Low
5 Series,2012,North America,Red,Electric,Automatic,3.7,121730.0,39556.0,8864,High
7 Series,2012,Africa,White,Petrol,Manual,3.1,28885.0,105363.0,5103,Low
7 Series,2012,North America,Silver,Hybrid,Automatic,4.2,178603.0,42764.0,9856,High
M5,2012,Asia,Black,Electric,Automatic,2.0,65212.0,48461.0,3244,Low
M3,2012,South America,Silver,Hybrid,Automatic,1.9,197184.0,53111.0,9739,High
X3,2012,Africa,White,Electric,Manual,4.0,191413.0,78281.0,4594,Low
I3,2013,Africa,Black,Diesel,Manual,1.6,192509.0,72385.0,455,Low
X6,2013,Middle East,White,Diesel,Manual,2.6,96549.0,50351.0,2506,Low
X5,2013,Africa,Grey,Hybrid,Manual,4.4,121066.0,35343.0,6536,Low
M5,2013,Europe,White,Electric,Automatic,1.9,34778.0,82154.0,5736,Low
X5,2013,North America,Red,Petrol,Manual,4.8,30682.0,65816.0,4057,Low
X5,2013,Europe,White,Diesel,Automatic,3.0,162617.0,79299.0,2353,Low
7 Series,2013,Middle East,Red,Petrol,Manual,3.9,119461.0,109866.0,9809,High
X6,2013,South America,White,Hybrid,Manual,4.5,94915.0,50923.0,7821,High
5 Series,2013,Asia,Blue,Hybrid,Automatic,3.8,45722.0,74501.0,6935,Low
M3,2013,Middle East,White,Petrol,Manual,3.1,74067.0,67269.0,2781,Low
X1,2013,Africa,Grey,Diesel,Automatic,1.8,105554.0,49663.0,7193,High
5 Series,2013,North America,Blue,Diesel,Manual,2.3,123129.0,86611.0,5344,Low
X3,2013,Europe,Black,Electric,Manual,2.6,194825.0,35690.0,1757,Low
X1,2013,South America,Blue,Hybrid,Manual,3.5,128136.0,101839.0,125,Low
5 Series,2013,Middle East,Grey,Electric,Manual,2.6,163437.0,69488.0,8943,High
M3,2013,Africa,Silver,Petrol,Manual,2.0,104363.0,70722.0,7005,High
X1,2013,Europe,Blue,Electric,Automatic,4.1,130922.0,52822.0,8833,High
X6,2013,North America,White,Diesel,Manual,4.3,176186.0,73442.0,8260,High
X6,2013,Africa,Black,Diesel,Automatic,3.9,153804.0,115317.0,5523,Low
3 Series,2013,Asia,Silver,Hybrid,Automatic,4.2,10678.0,33086.0,5817,Low
7 Series,2013,Europe,Grey,Diesel,Manual,3.0,64985.0,80565.0,1887,Low
I8,2013,North America,Red,Hybrid,Automatic,1.6,121671.0,79219.0,3428,Low
X3,2013,North America,Red,Electric,Automatic,3.8,24884.0,111712.0,4882,Low
I3,2013,South America,Blue,Hybrid,Manual,3.7,144140.0,105413.0,8228,High
I8,2013,South America,Black,Diesel,Manual,2.7,150761.0,34193.0,425,Low
M5,2013,Africa,Grey,Hybrid,Manual,2.9,33669.0,93884.0,6440,Low
X3,2013,Asia,Silver,Diesel,Manual,2.2,18805.0,93438.0,2202,Low
5 Series,2013,Africa,Grey,Petrol,Manual,1.7,164685.0,82139.0,1560,Low
X5,2013,Asia,Blue,Electric,Manual,2.6,110142.0,114844.0,5561,Low
X3,2013,South America,Grey,Petrol,Manual,2.0,156944.0,55881.0,6169,Low
I3,2013,Middle East,Silver,Electric,Manual,4.4,191840.0,102910.0,1447,Low
X3,2013,Middle East,White,Electric,Manual,3.3,100542.0,92878.0,4708,Low
3 Series,2013,South America,Black,Electric,Automatic,2.3,173100.0,101189.0,1476,Low
X5,2013,Middle East,Grey,Hybrid,Manual,3.2,60376.0,110506.0,1225,Low
I3,2013,Europe,Blue,Hybrid,Automatic,3.0,194197.0,68982.0,7811,High
M5,2013,North America,Grey,Petrol,Manual,4.2,31068.0,62719.0,1396,Low
5 Series,2013,Europe,Grey,Petrol,Manual,2.4,38281.0,84501.0,8836,High
3 Series,2013,North America,Red,Electric,Automatic,4.5,178224.0,61624.0,2378,Low
M3,2013,Asia,Blue,Electric,Automatic,2.2,143080.0,77590.0,2456,Low
X6,2013,Asia,Red,Petrol,Automatic,1.6,74914.0,107293.0,3205,Low
I8,2013,Europe,Red,Diesel,Manual,3.9,106314.0,113159.0,113,Low
I8,2013,Middle East,White,Petrol,Manual,3.1,42427.0,44269.0,5887,Low
3 Series,2013,Africa,Blue,Hybrid,Automatic,2.5,176701.0,100782.0,6833,Low
7 Series,2013,South America,Grey,Diesel,Manual,3.4,134808.0,51644.0,5355,Low
X5,2013,South America,Grey,Petrol,Manual,3.5,149677.0,95650.0,3481,Low
7 Series,2013,Africa,Red,Diesel,Manual,3.9,143864.0,74401.0,9067,High
5 Series,2013,South America,Silver,Petrol,Manual,2.1,127850.0,55935.0,7169,High
7 Series,2013,Asia,Red,Hybrid,Manual,4.5,144832.0,118363.0,1564,Low
M5,2013,South America,Blue,Diesel,Manual,3.6,90289.0,78311.0,6141,Low
M3,2013,North America,Black,Electric,Manual,2.7,102132.0,79420.0,8178,High
I8,2013,Asia,Black,Diesel,Manual,2.6,121993.0,60810.0,2862,Low
3 Series,2013,Middle East,White,Hybrid,Automatic,1.7,38164.0,66400.0,2168,Low
I3,2013,North America,Red,Electric,Automatic,3.6,167951.0,104651.0,1054,Low
X1,2013,Asia,Black,Petrol,Manual,4.0,166272.0,84386.0,9945,High
M3,2013,Europe,Silver,Diesel,Manual,4.2,100965.0,90435.0,6424,Low
M5,2013,Asia,Red,Diesel,Automatic,3.5,17838.0,46231.0,8734,High
I3,2013,Asia,Black,Petrol,Automatic,3.4,115144.0,51327.0,9128,High
I8,2013,Africa,Silver,Petrol,Manual,3.1,136263.0,116643.0,4751,Low
M3,2013,South America,White,Electric,Automatic,2.0,140444.0,49321.0,5572,Low
X1,2013,Middle East,Silver,Electric,Automatic,1.6,78178.0,101679.0,3344,Low
7 Series,2013,North America,Silver,Petrol,Automatic,2.1,184827.0,35013.0,2042,Low
3 Series,2013,Europe,Red,Petrol,Automatic,3.7,199461.0,40814.0,576,Low
X6,2013,Europe,Red,Diesel,Manual,4.7,15071.0,68160.0,9729,High
M5,2013,Middle East,Red,Hybrid,Automatic,3.5,130708.0,56840.0,9352,High
X1,2013,North America,Black,Electric,Automatic,4.4,11643.0,70164.0,5456,Low
X3,2013,Africa,Black,Electric,Automatic,3.0,159170.0,119954.0,6751,Low
X1,2014,Asia,Grey,Diesel,Manual,2.3,183477.0,100001.0,4161,Low
I3,2014,Europe,Grey,Petrol,Automatic,2.3,139201.0,49504.0,6255,Low
X5,2014,Middle East,Silver,Hybrid,Automatic,1.5,149506.0,30135.0,9888,High
7 Series,2014,Africa,Grey,Diesel,Automatic,3.8,186802.0,96987.0,4362,Low
7 Series,2014,Asia,Black,Hybrid,Manual,2.0,43518.0,62793.0,1142,Low
M5,2014,South America,Red,Electric,Automatic,4.2,125379.0,96739.0,3754,Low
X5,2014,South America,White,Petrol,Manual,2.4,173211.0,115364.0,771,Low
I3,2014,South America,Grey,Diesel,Automatic,2.7,22417.0,98122.0,5178,Low
7 Series,2014,North America,Silver,Electric,Automatic,3.6,182618.0,116107.0,7608,High
M3,2014,Middle East,Blue,Diesel,Manual,4.6,42711.0,40950.0,8339,High
X1,2014,Middle East,Black,Petrol,Manual,3.6,136787.0,64990.0,2399,Low
I3,2014,Africa,Black,Diesel,Manual,2.1,62836.0,38101.0,874,Low
X6,2014,North America,Silver,Electric,Automatic,2.4,173666.0,43879.0,2600,Low
X6,2014,Europe,Grey,Diesel,Manual,3.5,178427.0,101523.0,8589,High
7 Series,2014,Middle East,Black,Petrol,Manual,2.6,103494.0,113211.0,7490,High
X6,2014,Africa,Grey,Electric,Automatic,2.4,77865.0,51234.0,7540,High
5 Series,2014,Middle East,Blue,Diesel,Manual,4.6,47231.0,48063.0,4290,Low
M5,2014,Africa,Red,Petrol,Manual,1.5,88800.0,59448.0,3877,Low
3 Series,2014,Middle East,Grey,Diesel,Manual,4.9,154711.0,76421.0,867,Low
I8,2014,Asia,White,Diesel,Manual,4.4,130314.0,35639.0,2799,Low
M3,2014,Africa,Black,Hybrid,Manual,2.4,180096.0,33093.0,2976,Low
5 Series,2014,Europe,White,Electric,Manual,4.5,155236.0,59268.0,749,Low
X6,2014,Middle East,Black,Electric,Automatic,4.2,3374.0,84798.0,169,Low
I8,2014,Africa,Blue,Diesel,Manual,3.0,85535.0,113241.0,9160,High
3 Series,2014,Africa,Blue,Electric,Automatic,2.6,197439.0,60352.0,3348,Low
X3,2014,North America,Red,Diesel,Manual,3.0,140851.0,39388.0,8413,High
M5,2014,Europe,Silver,Diesel,Automatic,1.7,134005.0,44431.0,7143,High
X3,2014,Europe,Red,Electric,Automatic,2.0,37967.0,64069.0,4747,Low
X6,2014,South America,Silver,Diesel,Manual,3.2,195726.0,51156.0,5648,Low
M3,2014,Asia,White,Electric,Automatic,3.8,90282.0,64049.0,1440,Low
X1,2014,South America,Blue,Hybrid,Automatic,3.5,148268.0,109617.0,8217,High
I8,2014,South America,Black,Diesel,Manual,3.0,79503.0,64984.0,5106,Low
I8,2014,North America,Black,Diesel,Automatic,2.2,147408.0,104408.0,4135,Low
X5,2014,Asia,White,Diesel,Automatic,4.7,106658.0,47201.0,8051,High
M3,2014,South America,Red,Petrol,Manual,4.7,108564.0,74783.0,9260,High
5 Series,2014,Asia,White,Petrol,Automatic,1.6,98407.0,119012.0,5839,Low
5 Series,2014,South America,Black,Diesel,Automatic,4.2,134531.0,87621.0,4611,Low
X3,2014,Asia,Blue,Hybrid,Manual,2.5,148863.0,64510.0,1693,Low
3 Series,2014,South America,Blue,Hybrid,Manual,3.8,31044.0,65616.0,7858,High
X1,2014,North America,Silver,Diesel,Automatic,2.2,63889.0,119081.0,6309,Low
M5,2014,North America,Black,Electric,Manual,4.0,179185.0,48803.0,5774,Low
5 Series,2014,Africa,White,Electric,Automatic,4.8,58754.0,110517.0,3292,Low
I3,2014,North America,Black,Electric,Automatic,1.7,103691.0,79280.0,9229,High
3 Series,2014,Europe,White,Hybrid,Automatic,3.9,4318.0,64579.0,8848,High
M3,2014,North America,Silver,Hybrid,Manual,3.0,154050.0,94997.0,7765,High
7 Series,2014,Europe,Silver,Diesel,Automatic,2.0,176128.0,34455.0,1782,Low
X5,2014,North America,Red,Petrol,Manual,3.2,112616.0,65146.0,7877,High
I3,2014,Asia,Black,Diesel,Manual,1.8,190726.0,100453.0,3316,Low
M5,2014,Asia,Black,Diesel,Automatic,1.6,121156.0,102778.0,632,Low
M5,2014,Middle East,White,Diesel,Automatic,2.8,46000.0,103494.0,796,Low
7 Series,2014,South America,Red,Hybrid,Automatic,4.4,69018.0,75481.0,4908,Low
X3,2014,Africa,Red,Diesel,Manual,2.5,198457.0,114845.0,577,Low
I3,2014,Middle East,Red,Hybrid,Manual,4.9,67395.0,75381.0,8317,High
3 Series,2014,North America,Red,Diesel,Automatic,4.0,49607.0,119039.0,9021,High
M3,2014,Europe,Red,Electric,Manual,2.5,74474.0,65464.0,9390,High
X1,2014,Europe,Blue,Hybrid,Manual,3.1,48040.0,77484.0,9106,High
I8,2014,Middle East,White,Diesel,Manual,4.7,144533.0,82911.0,4321,Low
X1,2014,Africa,White,Petrol,Manual,4.8,13568.0,62941.0,1113,Low
X5,2014,Europe,Grey,Hybrid,Manual,4.8,187195.0,41296.0,7699,High
X6,2014,Asia,Black,Electric,Manual,1.9,114324.0,111758.0,7978,High
I8,2014,Europe,Grey,Petrol,Manual,3.3,150170.0,63728.0,5680,Low
5 Series,2014,North America,Grey,Hybrid,Automatic,2.0,102714.0,32116.0,1782,Low
3 Series,2014,Asia,Silver,Hybrid,Automatic,4.3,25157.0,30891.0,7630,High
X3,2014,Middle East,Black,Petrol,Manual,2.2,80167.0,60899.0,8000,High
X5,2014,Africa,Grey,Hybrid,Automatic,2.5,22073.0,37997.0,1991,Low
X3,2014,South America,White,Hybrid,Manual,4.6,195047.0,106673.0,4699,Low
M5,2015,Asia,White,Petrol,Automatic,4.1,95889.0,52950.0,6177,Low
M3,2015,Asia,Red,Hybrid,Manual,2.0,41514.0,116902.0,8897,High
X5,2015,South America,White,Diesel,Automatic,4.4,116114.0,64642.0,1101,Low
M5,2015,South America,Silver,Petrol,Automatic,1.9,32159.0,92285.0,6560,Low
M3,2015,Europe,Grey,Electric,Automatic,5.0,173825.0,61639.0,1877,Low
X6,2015,Europe,Red,Hybrid,Manual,3.1,121001.0,62931.0,6319,Low
X3,2015,Middle East,Grey,Diesel,Automatic,4.7,134039.0,70672.0,6856,Low
5 Series,2015,South America,White,Hybrid,Manual,2.6,37051.0,51409.0,6944,Low
7 Series,2015,South America,Grey,Petrol,Manual,3.9,109370.0,57120.0,8282,High
I3,2015,Asia,Silver,Electric,Manual,3.5,68161.0,63696.0,7218,High
I3,2015,Europe,Grey,Electric,Manual,3.9,20717.0,79002.0,1402,Low
5 Series,2015,Asia,Grey,Hybrid,Manual,4.2,16953.0,103230.0,6261,Low
X3,2015,Europe,Silver,Electric,Manual,3.2,159812.0,67210.0,7142,High
I3,2015,South America,Silver,Electric,Manual,3.3,26839.0,54215.0,393,Low
M5,2015,North America,White,Petrol,Manual,4.1,54534.0,94839.0,3880,Low
X6,2015,Middle East,Grey,Hybrid,Automatic,3.6,137243.0,118018.0,3894,Low
I3,2015,Middle East,Red,Diesel,Manual,2.6,67021.0,58894.0,6072,Low
I8,2015,Africa,Red,Diesel,Manual,1.9,60913.0,43439.0,5284,Low
M3,2015,Middle East,Grey,Hybrid,Automatic,4.0,176369.0,32934.0,4257,Low
M5,2015,Middle East,Grey,Petrol,Automatic,2.6,166487.0,112693.0,5817,Low
M5,2015,Europe,White,Petrol,Manual,4.1,154289.0,66188.0,9951,High
3 Series,2015,Europe,Red,Hybrid,Manual,2.4,191042.0,89156.0,7342,High
7 Series,2015,Europe,Grey,Diesel,Manual,4.6,126540.0,33593.0,3220,Low
5 Series,2015,Africa,Grey,Hybrid,Automatic,2.1,195217.0,109378.0,2031,Low
7 Series,2015,Middle East,Red,Diesel,Manual,3.6,3554.0,53556.0,5962,Low
I8,2015,Asia,White,Hybrid,Automatic,2.4,194395.0,118788.0,3384,Low
X1,2015,Africa,Silver,Hybrid,Automatic,3.4,15994.0,41990.0,8543,High
X3,2015,South America,Red,Hybrid,Manual,4.1,170710.0,78283.0,6849,Low
X5,2015,Africa,Silver,Petrol,Manual,1.7,40365.0,119178.0,3290,Low
5 Series,2015,Europe,Black,Diesel,Automatic,3.4,146380.0,33942.0,1220,Low
I8,2015,North America,Silver,Hybrid,Manual,2.5,61874.0,62263.0,6899,Low
X1,2015,Middle East,Silver,Hybrid,Automatic,3.5,117990.0,58708.0,3657,Low
7 Series,2015,Africa,White,Electric,Manual,4.3,122871.0,42186.0,1241,Low
I3,2015,Africa,Grey,Petrol,Manual,3.2,4936.0,48866.0,4978,Low
7 Series,2015,Asia,Blue,Diesel,Automatic,3.4,141948.0,46172.0,8403,High
M3,2015,Africa,Blue,Diesel,Manual,4.4,152887.0,42738.0,6588,Low
3 Series,2015,Africa,Red,Electric,Automatic,5.0,69854.0,58429.0,8981,High
7 Series,2015,North America,Silver,Petrol,Manual,2.7,48190.0,76513.0,9826,High
X1,2015,Europe,Silver,Petrol,Automatic,3.4,176923.0,50570.0,3300,Low
M5,2015,Africa,Silver,Diesel,Automatic,2.7,19043.0,100072.0,6667,Low
3 Series,2015,Asia,White,Petrol,Automatic,4.1,108227.0,84777.0,8625,High
I8,2015,Middle East,Black,Electric,Manual,3.6,46176.0,96965.0,5409,Low
X6,2015,Africa,Black,Diesel,Manual,2.8,75754.0,97287.0,8677,High
X3,2015,Asia,Grey,Diesel,Manual,3.5,6304.0,45543.0,6657,Low
I8,2015,South America,Red,Petrol,Automatic,3.1,182742.0,80754.0,5839,Low
X3,2015,Africa,Black,Hybrid,Automatic,3.4,194161.0,67357.0,9727,High
X5,2015,Middle East,Black,Hybrid,Automatic,3.3,121271.0,76799.0,4367,Low
X5,2015,North America,Red,Electric,Manual,4.6,129916.0,50937.0,4686,Low
I3,2015,North America,Silver,Hybrid,Manual,2.2,49755.0,86534.0,7926,High
X1,2015,North America,Silver,Diesel,Manual,4.3,90089.0,103531.0,4441,Low
X1,2015,South America,Blue,Diesel,Automatic,3.7,169138.0,94948.0,3389,Low
I8,2015,Europe,Grey,Electric,Automatic,3.9,137116.0,71187.0,3942,Low
X6,2015,North America,Blue,Electric,Automatic,4.6,24520.0,75672.0,2649,Low
M3,2015,South America,Silver,Petrol,Automatic,1.7,99999.0,76791.0,7901,High
X6,2015,South America,Red,Diesel,Manual,4.5,122075.0,100109.0,4506,Low
X5,2015,Asia,Red,Electric,Automatic,4.0,11712.0,102347.0,6107,Low
5 Series,2015,Middle East,Silver,Electric,Automatic,4.6,161572.0,104954.0,9414,High
X1,2015,Asia,Grey,Diesel,Automatic,2.1,199235.0,84022.0,1194,Low
X6,2015,Asia,Silver,Petrol,Manual,3.8,55914.0,112890.0,7342,High
3 Series,2015,Middle East,Black,Electric,Automatic,2.2,103203.0,90629.0,503,Low
X3,2015,North America,Red,Diesel,Automatic,3.7,123910.0,88091.0,8635,High
3 Series,2015,South America,Blue,Electric,Automatic,3.3,195376.0,116989.0,6757,Low
X5,2015,Europe,Black,Hybrid,Automatic,2.5,74607.0,82046.0,1204,Low
5 Series,2015,North America,White,Diesel,Automatic,3.3,199787.0,101909.0,9959,High
3 Series,2015,North America,Blue,Petrol,Automatic,3.1,187396.0,71905.0,7571,High
M3,2015,North America,Grey,Electric,Automatic,1.9,167647.0,88780.0,4997,Low
M3,2016,Africa,Black,Hybrid,Manual,1.5,113832.0,49278.0,3153,Low
X3,2016,Asia,Grey,Petrol,Automatic,3.1,143652.0,93537.0,5924,Low
X5,2016,North America,Silver,Hybrid,Automatic,4.4,118309.0,99967.0,8127,High
M3,2016,Middle East,Blue,Electric,Manual,1.6,38412.0,81786.0,5058,Low
M3,2016,North America,Blue,Hybrid,Automatic,1.8,195192.0,119134.0,6570,Low
X5,2016,Europe,Silver,Petrol,Automatic,4.7,182118.0,64095.0,3880,Low
X1,2016,Europe,Black,Petrol,Manual,2.1,37975.0,101753.0,3476,Low
M5,2016,Asia,Silver,Diesel,Automatic,2.9,163812.0,88181.0,148,Low
7 Series,2016,South America,Black,Petrol,Manual,4.2,166971.0,106356.0,7310,High
X1,2016,North America,Black,Electric,Automatic,2.7,176620.0,119935.0,8862,High
X5,2016,South America,Silver,Petrol,Manual,3.6,106068.0,77612.0,5598,Low
X3,2016,Middle East,Red,Hybrid,Manual,2.7,81599.0,104110.0,224,Low
I8,2016,Europe,Blue,Petrol,Manual,4.5,191604.0,59627.0,9454,High
I3,2016,Africa,Black,Diesel,Manual,4.6,89359.0,30995.0,6986,Low
X3,2016,Europe,Grey,Petrol,Automatic,2.6,129319.0,111178.0,2590,Low
X5,2016,Africa,White,Electric,Manual,3.0,146541.0,72024.0,9331,High
M5,2016,North America,Silver,Electric,Automatic,4.0,67272.0,78120.0,381,Low
3 Series,2016,Africa,Black,Petrol,Automatic,2.3,189931.0,71591.0,6640,Low
X1,2016,Middle East,Blue,Diesel,Automatic,4.4,157249.0,56309.0,3076,Low
X5,2016,Asia,Silver,Petrol,Automatic,4.8,146069.0,60342.0,897,Low
5 Series,2016,North America,White,Electric,Manual,1.8,28199.0,54748.0,3539,Low
M5,2016,Africa,White,Diesel,Automatic,4.5,39593.0,109963.0,113,Low
X3,2016,North America,Silver,Petrol,Automatic,3.3,97670.0,35741.0,5841,Low
7 Series,2016,Africa,Grey,Petrol,Automatic,2.1,49521.0,93993.0,8663,High
X3,2016,South America,White,Diesel,Automatic,1.7,48073.0,116482.0,8944,High
X6,2016,Africa,Grey,Petrol,Automatic,2.6,160714.0,115705.0,7064,High
X1,2016,Africa,Grey,Petrol,Manual,4.1,172950.0,119996.0,9620,High
7 Series,2016,Middle East,Silver,Hybrid,Automatic,4.2,179716.0,78386.0,1274,Low
X6,2016,South America,Silver,Hybrid,Automatic,4.9,180186.0,46263.0,9762,High
M5,2016,South America,White,Electric,Manual,4.5,184303.0,33218.0,2859,Low
I3,2016,Middle East,Black,Hybrid,Manual,3.8,134173.0,89891.0,3901,Low
I8,2016,Asia,Silver,Diesel,Manual,2.5,173887.0,71493.0,883,Low
I3,2016,North America,Black,Petrol,Manual,2.3,91458.0,33185.0,8634,High
X6,2016,Asia,Red,Electric,Manual,3.3,61356.0,113700.0,8460,High
5 Series,2016,Asia,Red,Petrol,Manual,3.5,151748.0,98740.0,8300,High
I8,2016,Africa,Silver,Petrol,Automatic,2.8,73090.0,31447.0,8134,High
M3,2016,Europe,Blue,Hybrid,Automatic,4.4,64277.0,116021.0,1162,Low
I3,2016,South America,Grey,Hybrid,Automatic,2.0,14626.0,56254.0,3675,Low
I8,2016,Middle East,White,Electric,Automatic,2.3,110324.0,105341.0,3727,Low
3 Series,2016,Europe,White,Electric,Automatic,4.7,149253.0,71328.0,3222,Low
X6,2016,Middle East,Red,Petrol,Automatic,3.8,151865.0,74845.0,8291,High
7 Series,2016,North America,Black,Diesel,Manual,4.9,110343.0,81324.0,1923,Low
I3,2016,Europe,Silver,Hybrid,Manual,4.6,33244.0,116918.0,2095,Low
3 Series,2016,Asia,White,Electric,Manual,4.5,69058.0,53635.0,8390,High
I8,2016,North America,Blue,Hybrid,Manual,1.9,116863.0,74539.0,8252,High
5 Series,2016,South America,Red,Diesel,Automatic,3.3,4669.0,106217.0,2766,Low
3 Series,2016,South America,White,Electric,Manual,4.3,77809.0,100336.0,7812,High
5 Series,2016,Europe,Silver,Petrol,Manual,3.2,167770.0,119412.0,8291,High
5 Series,2016,Africa,Silver,Hybrid,Manual,4.2,22952.0,119557.0,9478,High
M5,2016,Middle East,Silver,Petrol,Automatic,3.0,150307.0,109937.0,5262,Low
X6,2016,North America,Blue,Diesel,Manual,2.4,59956.0,100581.0,3365,Low
I3,2016,Asia,Grey,Petrol,Manual,2.6,159108.0,65343.0,6280,Low
X1,2016,South America,Grey,Diesel,Automatic,2.9,74841.0,114212.0,1987,Low
M3,2016,Asia,Grey,Electric,Manual,1.9,72072.0,104511.0,7567,High
5 Series,2016,Middle East,Silver,Petrol,Manual,3.8,135036.0,38344.0,8273,High
X3,2016,Africa,Grey,Petrol,Manual,1.6,3468.0,57722.0,8317,High
7 Series,2016,Asia,Silver,Electric,Automatic,4.2,146509.0,48592.0,7208,High
X5,2016,Middle East,Blue,Petrol,Manual,4.8,82991.0,76797.0,703,Low
X6,2016,Europe,Black,Electric,Manual,1.6,28972.0,89763.0,7436,High
3 Series,2016,North America,Silver,Petrol,Automatic,3.3,75115.0,111776.0,6971,Low
M5,2016,Europe,White,Petrol,Automatic,4.7,15674.0,115785.0,2623,Low
X1,2016,Asia,Red,Electric,Automatic,3.3,76670.0,52947.0,7800,High
I8,2016,South America,Red,Hybrid,Manual,2.9,32573.0,42409.0,5098,Low
7 Series,2016,Europe,Black,Petrol,Automatic,3.0,197930.0,74864.0,4524,Low
M3,2016,South America,Grey,Electric,Automatic,3.0,102675.0,93915.0,9470,High
3 Series,2016,Middle East,Red,Petrol,Manual,2.7,168974.0,58521.0,228,Low
M3,2017,South America,Black,Hybrid,Manual,3.5,36536.0,111905.0,9988,High
7 Series,2017,Middle East,Grey,Petrol,Automatic,3.0,112754.0,93431.0,7462,High
M3,2017,Europe,Red,Diesel,Automatic,2.9,129174.0,52784.0,204,Low
I8,2017,Middle East,Grey,Petrol,Manual,3.8,110899.0,71690.0,1697,Low
X1,2017,Europe,Silver,Diesel,Automatic,3.5,133166.0,36924.0,6617,Low
I3,2017,North America,Silver,Hybrid,Manual,3.7,70038.0,102447.0,2694,Low
I8,2017,Asia,Grey,Petrol,Automatic,1.9,146940.0,50942.0,5940,Low
X5,2017,South America,Grey,Petrol,Manual,3.7,31779.0,83059.0,6844,Low
M3,2017,Asia,Red,Electric,Manual,1.9,66132.0,71125.0,6440,Low
X1,2017,North America,Red,Diesel,Automatic,2.4,184511.0,77086.0,9589,High
X3,2017,Europe,Red,Electric,Manual,3.2,84155.0,70778.0,8167,High
M5,2017,North America,Red,Diesel,Automatic,2.6,86900.0,81934.0,9755,High
X5,2017,North America,Silver,Diesel,Manual,4.3,148363.0,119227.0,5366,Low
X1,2017,Middle East,Silver,Diesel,Manual,4.6,59047.0,70856.0,3263,Low
M5,2017,Europe,Black,Hybrid,Automatic,3.1,34041.0,51918.0,2449,Low
X3,2017,Middle East,Grey,Petrol,Manual,4.4,111188.0,83045.0,6111,Low
X6,2017,South America,Red,Hybrid,Manual,1.9,111235.0,39627.0,3147,Low
7 Series,2017,South America,White,Electric,Automatic,2.7,101703.0,88737.0,3193,Low
5 Series,2017,North America,Silver,Electric,Manual,3.1,57843.0,111326.0,4880,Low
3 Series,2017,Africa,Silver,Diesel,Manual,2.7,124960.0,115369.0,5481,Low
X5,2017,Europe,Silver,Electric,Automatic,1.9,5204.0,32190.0,143,Low
X5,2017,Asia,Silver,Petrol,Automatic,2.3,81670.0,73274.0,7702,High
X3,2017,Asia,Silver,Diesel,Automatic,1.6,149657.0,53093.0,6010,Low
5 Series,2017,South America,White,Petrol,Automatic,4.8,71957.0,53897.0,2299,Low
3 Series,2017,Middle East,Red,Hybrid,Manual,4.3,186625.0,96847.0,5333,Low
X6,2017,Asia,Blue,Petrol,Automatic,2.1,3522.0,73772.0,7379,High
X6,2017,Middle East,Blue,Hybrid,Manual,3.4,142469.0,116101.0,8803,High
M3,2017,North America,Grey,Hybrid,Automatic,3.8,24291.0,87604.0,9797,High
I8,2017,Africa,Black,Hybrid,Automatic,3.4,107908.0,71824.0,2809,Low
M3,2017,Middle East,White,Petrol,Automatic,3.1,59027.0,39681.0,8208,High
I8,2017,South America,Black,Hybrid,Manual,1.9,171369.0,111305.0,4529,Low
X6,2017,Europe,Red,Petrol,Automatic,4.4,68925.0,101449.0,8963,High
M5,2017,Africa,Black,Diesel,Automatic,2.1,28721.0,82511.0,4965,Low
X6,2017,Africa,White,Electric,Automatic,4.0,53449.0,82740.0,1329,Low
I3,2017,Africa,Red,Petrol,Manual,2.2,182956.0,56911.0,827,Low
X3,2017,South America,Grey,Electric,Automatic,3.8,155250.0,59598.0,777,Low
X6,2017,North America,Silver,Hybrid,Manual,2.9,117113.0,74150.0,4425,Low
5 Series,2017,Asia,Black,Hybrid,Automatic,1.9,112212.0,66909.0,862,Low
I8,2017,North America,Silver,Petrol,Automatic,2.7,177410.0,41756.0,563,Low
I3,2017,Middle East,Red,Diesel,Automatic,2.8,91459.0,70414.0,2425,Low
7 Series,2017,Asia,Red,Diesel,Manual,3.6,184538.0,98559.0,8896,High
X3,2017,North America,Silver,Petrol,Manual,3.8,113551.0,30284.0,241,Low
X5,2017,Middle East,Silver,Diesel,Automatic,1.5,157978.0,35200.0,9889,High
X1,2017,Africa,White,Petrol,Manual,4.3,43027.0,41451.0,6874,Low
5 Series,2017,Middle East,Silver,Diesel,Manual,1.9,171362.0,42926.0,1232,Low
7 Series,2017,North America,Black,Petrol,Automatic,3.2,58288.0,101791.0,7521,High
3 Series,2017,North America,Blue,Petrol,Manual,4.3,86002.0,100678.0,2815,Low
X1,2017,South America,Black,Diesel,Manual,4.0,108002.0,57393.0,5477,Low
5 Series,2017,Africa,White,Diesel,Manual,3.9,42520.0,38777.0,6807,Low
M3,2017,Africa,Silver,Hybrid,Manual,4.8,183782.0,100693.0,6324,Low
I3,2017,Asia,Black,Diesel,Manual,4.3,42089.0,99138.0,5415,Low
X3,2017,Africa,Grey,Petrol,Automatic,2.0,81545.0,86709.0,4401,Low
3 Series,2017,Asia,Black,Diesel,Automatic,1.9,187381.0,86050.0,835,Low
I3,2017,Europe,Grey,Diesel,Automatic,4.9,40442.0,67998.0,7313,High
M5,2017,Asia,Blue,Diesel,Manual,5.0,51891.0,103316.0,1732,Low
I3,2017,South America,Grey,Petrol,Automatic,4.0,174519.0,31948.0,5863,Low
X1,2017,Asia,Black,Electric,Automatic,1.6,107918.0,34078.0,7291,High
7 Series,2017,Africa,Black,Hybrid,Manual,1.7,185208.0,108131.0,2618,Low
M5,2017,Middle East,Grey,Diesel,Automatic,2.8,55643.0,96914.0,4669,Low
3 Series,2017,Europe,Grey,Petrol,Manual,3.8,89365.0,86684.0,9474,High
I8,2017,Europe,White,Petrol,Automatic,1.6,187653.0,56981.0,3345,Low
7 Series,2017,Europe,White,Petrol,Manual,4.4,185687.0,106473.0,8666,High
3 Series,2017,South America,Silver,Electric,Manual,3.4,144332.0,102814.0,5037,Low
M5,2017,South America,White,Petrol,Manual,3.4,190609.0,94286.0,3140,Low
X5,2017,Africa,Silver,Petrol,Automatic,4.8,32268.0,68638.0,7530,High
5 Series,2017,Europe,Silver,Electric,Manual,3.7,69712.0,82957.0,8127,High
X1,2018,Africa,White,Petrol,Automatic,4.5,104441.0,79035.0,1036,Low
I3,2018,North America,Black,Electric,Manual,3.6,133118.0,55757.0,3242,Low
M5,2018,North America,Red,Hybrid,Manual,2.5,13975.0,100473.0,6125,Low
M3,2018,Africa,Silver,Petrol,Manual,4.6,14990.0,39557.0,2892,Low
M3,2018,Europe,Black,Hybrid,Manual,3.1,97253.0,97324.0,9357,High
I3,2018,South America,Red,Petrol,Manual,4.1,1428.0,46127.0,608,Low
X5,2018,Europe,Silver,Diesel,Manual,2.9,124134.0,37111.0,4242,Low
X6,2018,North America,Red,Diesel,Automatic,2.2,162862.0,36520.0,2914,Low
M5,2018,Europe,Grey,Electric,Automatic,3.3,122375.0,101165.0,9984,High
X1,2018,South America,Blue,Petrol,Manual,4.6,45573.0,99211.0,2078,Low
5 Series,2018,North America,Grey,Hybrid,Manual,3.3,151280.0,50933.0,6633,Low
X6,2018,Middle East,Blue,Petrol,Automatic,3.0,94408.0,41627.0,3712,Low
X5,2018,North America,Silver,Electric,Manual,3.5,118550.0,31497.0,5477,Low
I3,2018,Europe,Black,Petrol,Manual,2.2,140763.0,74133.0,1374,Low
I8,2018,Middle East,Black,Petrol,Automatic,3.4,59434.0,54069.0,8000,High
5 Series,2018,Asia,Silver,Electric,Automatic,3.8,103055.0,119290.0,3018,Low
3 Series,2018,North America,White,Hybrid,Automatic,3.3,38460.0,76111.0,703,Low
5 Series,2018,Europe,Red,Petrol,Manual,4.4,169867.0,90591.0,7618,High
5 Series,2018,Middle East,Grey,Petrol,Automatic,3.3,45371.0,87345.0,1299,Low
7 Series,2018,Middle East,Blue,Petrol,Manual,4.2,94859.0,50620.0,6962,Low
7 Series,2018,Europe,Silver,Hybrid,Manual,2.9,16841.0,75628.0,8340,High
5 Series,2018,Africa,Black,Petrol,Automatic,2.7,77674.0,109174.0,3944,Low
X1,2018,Asia,Black,Hybrid,Manual,3.9,13275.0,79969.0,9134,High
X3,2018,South America,Red,Petrol,Automatic,5.0,61899.0,91730.0,9606,High
7 Series,2018,South America,Black,Petrol,Manual,3.0,25179.0,32054.0,9914,High
I8,2018,Europe,Black,Petrol,Automatic,4.4,193467.0,102279.0,8445,High
7 Series,2018,North America,White,Diesel,Manual,4.1,30215.0,40062.0,305,Low
I8,2018,North America,Grey,Hybrid,Automatic,3.7,76848.0,52838.0,7191,High
X6,2018,Asia,Red,Electric,Manual,2.3,10027.0,89970.0,4935,Low
I8,2018,Asia,Red,Petrol,Manual,2.1,61031.0,116846.0,6121,Low
M3,2018,Middle East,Blue,Diesel,Manual,3.4,66819.0,41677.0,8811,High
M3,2018,North America,Grey,Diesel,Automatic,1.6,120157.0,117237.0,8586,High
3 Series,2018,Asia,White,Hybrid,Automatic,1.7,19899.0,50651.0,8157,High
7 Series,2018,Africa,Silver,Electric,Manual,4.5,198286.0,96859.0,8022,High
X5,2018,South America,Red,Electric,Manual,3.0,29294.0,112830.0,2768,Low
3 Series,2018,South America,Blue,Electric,Manual,3.3,190650.0,60560.0,8121,High
5 Series,2018,South America,Blue,Diesel,Manual,3.4,96313.0,48896.0,398,Low
X1,2018,Europe,Black,Petrol,Manual,1.7,25059.0,42749.0,3108,Low
X5,2018,Africa,Black,Electric,Manual,1.6,6634.0,67794.0,9284,High
M5,2018,Asia,White,Petrol,Automatic,3.3,174744.0,63716.0,1871,Low
X5,2018,Asia,Black,Petrol,Manual,4.5,106246.0,72271.0,6300,Low
M3,2018,Asia,Silver,Electric,Manual,4.5,66023.0,73953.0,1659,Low
X6,2018,South America,Grey,Diesel,Manual,2.6,40764.0,116735.0,4709,Low
M5,2018,Middle East,Blue,Electric,Automatic,1.6,7012.0,112800.0,9345,High
X3,2018,Middle East,White,Petrol,Manual,3.1,33370.0,52717.0,8046,High
I3,2018,Africa,Blue,Diesel,Manual,4.1,180348.0,46141.0,8132,High
X5,2018,Middle East,Black,Petrol,Manual,3.8,159629.0,117084.0,3275,Low
X1,2018,North America,Black,Diesel,Automatic,1.6,55366.0,94893.0,171,Low
M3,2018,South America,Blue,Electric,Manual,2.3,191344.0,52930.0,7242,High
X3,2018,Asia,Silver,Diesel,Manual,2.5,86124.0,36810.0,3869,Low
M5,2018,Africa,White,Diesel,Manual,2.5,21175.0,41837.0,4802,Low
3 Series,2018,Africa,Black,Electric,Manual,1.8,117061.0,54762.0,3293,Low
X1,2018,Middle East,Black,Hybrid,Automatic,2.5,106033.0,103111.0,2847,Low
7 Series,2018,Asia,Red,Hybrid,Manual,2.5,31798.0,58752.0,3606,Low
M5,2018,South America,Black,Petrol,Automatic,2.5,13578.0,97253.0,6610,Low
X3,2018,Europe,Black,Electric,Automatic,2.9,155675.0,96102.0,6796,Low
I8,2018,Africa,Blue,Petrol,Manual,4.2,128560.0,47618.0,5121,Low
X6,2018,Africa,Silver,Diesel,Manual,4.8,75546.0,91825.0,1146,Low
X6,2018,Europe,Silver,Hybrid,Manual,1.7,10316.0,117764.0,5637,Low
I3,2018,Middle East,Red,Electric,Automatic,2.0,42701.0,39810.0,3612,Low
X3,2018,Africa,Silver,Hybrid,Automatic,1.6,60574.0,62253.0,7350,High
3 Series,2018,Europe,Red,Diesel,Manual,5.0,93784.0,106740.0,398,Low
X3,2018,North America,Black,Diesel,Automatic,3.8,51425.0,95134.0,1389,Low
3 Series,2018,Middle East,White,Diesel,Automatic,4.5,154329.0,73392.0,7889,High
I8,2018,South America,Red,Electric,Automatic,3.1,114489.0,57971.0,2526,Low
I3,2018,Asia,Blue,Hybrid,Manual,3.6,198246.0,91547.0,9832,High
I3,2019,Middle East,Grey,Diesel,Manual,3.7,183985.0,107396.0,9192,High
5 Series,2019,Asia,Red,Hybrid,Manual,4.8,2622.0,113545.0,2723,Low
I8,2019,Middle East,Silver,Diesel,Manual,3.7,124371.0,96066.0,8537,High
I3,2019,Africa,Red,Diesel,Manual,3.4,173045.0,91530.0,5057,Low
M5,2019,Middle East,White,Petrol,Automatic,3.5,50494.0,113907.0,9224,High
M5,2019,Europe,Black,Diesel,Manual,3.8,127689.0,72188.0,6056,Low
7 Series,2019,Middle East,Red,Hybrid,Automatic,2.5,170369.0,73525.0,3697,Low
7 Series,2019,Africa,White,Diesel,Manual,3.7,83526.0,62306.0,7913,High
X6,2019,Asia,Silver,Diesel,Automatic,4.6,76421.0,71812.0,9925,High
5 Series,2019,North America,Red,Diesel,Automatic,1.7,143842.0,52150.0,6399,Low
X1,2019,North America,Blue,Petrol,Automatic,2.3,131057.0,65133.0,7081,High
I3,2019,Asia,Grey,Hybrid,Manual,3.8,20324.0,43184.0,2325,Low
M3,2019,Asia,Red,Petrol,Automatic,4.9,187708.0,82112.0,1457,Low
X5,2019,Europe,Blue,Hybrid,Manual,2.5,36527.0,84856.0,2035,Low
X6,2019,North America,Silver,Hybrid,Manual,1.6,75902.0,54787.0,9292,High
I8,2019,Asia,Silver,Petrol,Automatic,3.7,137601.0,45015.0,4434,Low
X6,2019,Europe,White,Hybrid,Manual,2.0,84559.0,38069.0,5787,Low
X5,2019,Africa,Blue,Electric,Manual,2.1,161177.0,95908.0,2775,Low
X1,2019,Europe,White,Hybrid,Automatic,3.3,106294.0,102607.0,7920,High
X1,2019,Africa,Grey,Electric,Automatic,3.9,81128.0,67337.0,6335,Low
3 Series,2019,North America,White,Diesel,Manual,2.7,67579.0,44337.0,2991,Low
X5,2019,South America,Grey,Electric,Manual,3.7,25895.0,79992.0,1777,Low
I3,2019,Europe,Black,Petrol,Manual,3.4,26966.0,118571.0,3768,Low
X3,2019,Africa,Black,Hybrid,Automatic,2.5,114886.0,70265.0,9879,High
I8,2019,North America,White,Petrol,Automatic,2.9,122500.0,96319.0,9080,High
X1,2019,Asia,Black,Electric,Manual,2.9,190036.0,58531.0,7317,High
X3,2019,Europe,Red,Petrol,Manual,4.9,14205.0,32033.0,7801,High
X5,2019,Asia,Red,Electric,Automatic,2.0,15812.0,76124.0,4646,Low
M3,2019,Africa,White,Hybrid,Automatic,3.1,108903.0,58185.0,335,Low
3 Series,2019,Asia,White,Hybrid,Automatic,4.7,180809.0,62605.0,3135,Low
M3,2019,North America,Blue,Petrol,Manual,3.4,4857.0,104893.0,9900,High
M3,2019,Middle East,Red,Electric,Automatic,3.3,28680.0,94774.0,7634,High
3 Series,2019,South America,Silver,Hybrid,Manual,2.8,193021.0,44950.0,1703,Low
X5,2019,North America,Silver,Electric,Automatic,2.9,20462.0,88937.0,3605,Low
I8,2019,South America,White,Petrol,Automatic,4.7,69371.0,31709.0,6458,Low
X3,2019,Middle East,Grey,Electric,Manual,4.2,17934.0,111173.0,808,Low
7 Series,2019,Asia,Red,Petrol,Manual,4.3,179149.0,78337.0,4477,Low
M5,2019,Asia,Red,Diesel,Manual,2.1,97294.0,53277.0,4091,Low
X3,2019,South America,Red,Electric,Manual,3.8,171481.0,42383.0,7041,High
3 Series,2019,Middle East,Silver,Electric,Manual,2.5,161578.0,54124.0,7781,High
M5,2019,Africa,Black,Electric,Automatic,1.5,70021.0,61812.0,2968,Low
M5,2019,North America,Grey,Diesel,Manual,4.6,9408.0,45133.0,2645,Low
X6,2019,Africa,Grey,Hybrid,Manual,3.0,199006.0,116494.0,9003,High
X1,2019,Middle East,Black,Petrol,Automatic,4.4,162436.0,112518.0,156,Low
M3,2019,South America,Red,Hybrid,Automatic,4.9,14049.0,68039.0,5474,Low
M5,2019,South America,White,Diesel,Manual,3.1,192690.0,37177.0,5946,Low
I8,2019,Africa,Silver,Hybrid,Manual,2.3,187214.0,31212.0,3778,Low
3 Series,2019,Africa,Silver,Electric,Manual,4.4,33051.0,108637.0,5548,Low
I3,2019,South America,White,Electric,Manual,1.6,151998.0,110953.0,6928,Low
M3,2019,Europe,Silver,Petrol,Manual,3.7,135833.0,42239.0,7679,High
X1,2019,South America,White,Petrol,Manual,2.0,24999.0,113540.0,2325,Low
7 Series,2019,North America,Silver,Hybrid,Automatic,2.5,40052.0,32230.0,4515,Low
X3,2019,Asia,Silver,Electric,Automatic,4.2,88705.0,111352.0,1932,Low
5 Series,2019,Europe,Grey,Hybrid,Automatic,3.5,140521.0,118880.0,8293,High
5 Series,2019,Africa,Grey,Diesel,Manual,1.8,194310.0,42650.0,1268,Low
7 Series,2019,Europe,Black,Hybrid,Manual,2.6,166938.0,46424.0,8045,High
X3,2019,North America,Silver,Hybrid,Automatic,4.0,189804.0,119927.0,1472,Low
I8,2019,Europe,White,Electric,Manual,3.0,35700.0,96257.0,4411,Low
7 Series,2019,South America,Red,Hybrid,Automatic,3.4,133748.0,55174.0,6078,Low
3 Series,2019,Europe,Blue,Hybrid,Automatic,3.3,21242.0,59387.0,4677,Low
5 Series,2019,South America,Red,Hybrid,Manual,4.2,132625.0,88464.0,6353,Low
X6,2019,South America,Red,Electric,Manual,2.1,111839.0,73514.0,2768,Low
X6,2019,Middle East,Blue,Electric,Automatic,3.6,179601.0,94664.0,1678,Low
5 Series,2019,Middle East,Black,Petrol,Automatic,3.8,178723.0,36571.0,7403,High
I3,2019,North America,Grey,Diesel,Manual,3.1,156844.0,46395.0,2256,Low
X5,2019,Middle East,Red,Hybrid,Manual,2.7,148760.0,93236.0,2693,Low
X6,2020,Asia,Black,Hybrid,Automatic,3.8,45712.0,90061.0,4643,Low
5 Series,2020,Europe,Blue,Diesel,Manual,3.2,165669.0,38170.0,9239,High
X5,2020,North America,Black,Hybrid,Manual,5.0,107776.0,60518.0,4813,Low
I3,2020,North America,Blue,Petrol,Automatic,4.0,185749.0,84077.0,1786,Low
I8,2020,North America,Blue,Electric,Manual,4.3,191305.0,70057.0,7327,High
3 Series,2020,Africa,Silver,Petrol,Manual,2.6,153203.0,47546.0,4623,Low
X1,2020,Asia,Red,Diesel,Automatic,4.3,27624.0,46179.0,2809,Low
M3,2020,Asia,Black,Petrol,Automatic,1.9,29414.0,102395.0,7612,High
3 Series,2020,Europe,Black,Diesel,Manual,2.0,281.0,111964.0,4021,Low
3 Series,2020,North America,Silver,Hybrid,Automatic,3.0,158046.0,78509.0,8070,High
X6,2020,Europe,Silver,Diesel,Automatic,1.7,64180.0,32120.0,9970,High
M3,2020,North America,Red,Hybrid,Automatic,2.9,180136.0,59712.0,6726,Low
X3,2020,South America,Silver,Hybrid,Automatic,1.7,158566.0,114790.0,2156,Low
X1,2020,Europe,Grey,Petrol,Automatic,5.0,64144.0,39207.0,4488,Low
X3,2020,Africa,Silver,Petrol,Manual,4.6,158864.0,93416.0,2177,Low
M3,2020,Europe,Blue,Petrol,Manual,3.1,50670.0,113277.0,8054,High
X1,2020,Middle East,Blue,Diesel,Manual,3.1,59102.0,64022.0,9842,High
5 Series,2020,Middle East,Blue,Petrol,Manual,3.5,37550.0,106589.0,5568,Low
I3,2020,Africa,Silver,Electric,Automatic,4.0,31634.0,36268.0,4797,Low
M3,2020,South America,Grey,Petrol,Manual,2.2,154481.0,100103.0,9122,High
M5,2020,Europe,Grey,Hybrid,Automatic,4.0,182203.0,98363.0,9468,High
M5,2020,Africa,Grey,Petrol,Automatic,2.0,195911.0,64700.0,3134,Low
X1,2020,Africa,Grey,Diesel,Manual,4.8,45000.0,79080.0,3621,Low
X3,2020,Middle East,Silver,Petrol,Automatic,2.7,166020.0,78675.0,9153,High
X1,2020,North America,Grey,Diesel,Manual,2.8,179991.0,41336.0,8697,High
7 Series,2020,Asia,White,Petrol,Automatic,2.6,188234.0,71570.0,3284,Low
M5,2020,North America,Blue,Diesel,Manual,4.3,144106.0,98779.0,7794,High
X5,2020,Africa,Grey,Hybrid,Automatic,2.4,15819.0,49962.0,4641,Low
3 Series,2020,South America,Black,Electric,Automatic,3.8,55451.0,79774.0,1142,Low
X6,2020,Middle East,Grey,Petrol,Automatic,2.7,162403.0,40976.0,9924,High
M3,2020,Africa,Black,Petrol,Manual,3.6,82668.0,86748.0,3929,Low
X5,2020,Middle East,White,Hybrid,Automatic,4.9,132299.0,35401.0,7110,High
I3,2020,Europe,Blue,Electric,Automatic,2.9,136549.0,105256.0,1436,Low
M5,2020,Middle East,White,Hybrid,Manual,2.6,93969.0,94689.0,356,Low
I8,2020,Middle East,Silver,Hybrid,Automatic,2.0,40623.0,108861.0,6462,Low
7 Series,2020,North America,Silver,Diesel,Automatic,3.8,27403.0,100015.0,8111,High
I3,2020,South America,Grey,Hybrid,Automatic,4.6,47754.0,36666.0,1460,Low
5 Series,2020,North America,White,Diesel,Automatic,4.5,76073.0,110440.0,9545,High
M5,2020,Asia,White,Electric,Manual,3.3,192915.0,34043.0,1922,Low
3 Series,2020,Middle East,Red,Petrol,Manual,4.5,105037.0,73453.0,7286,High
7 Series,2020,Middle East,White,Petrol,Manual,3.7,64299.0,94502.0,2240,Low
3 Series,2020,Asia,Blue,Electric,Manual,2.8,188854.0,84911.0,6740,Low
7 Series,2020,Africa,Black,Diesel,Manual,4.4,17657.0,59077.0,2753,Low
I8,2020,Africa,White,Electric,Manual,1.5,78999.0,107597.0,7217,High
I8,2020,Europe,Red,Diesel,Manual,3.0,93800.0,94038.0,5816,Low
I3,2020,Asia,Black,Electric,Automatic,2.9,150855.0,45778.0,4816,Low
X5,2020,South America,Grey,Hybrid,Automatic,2.2,44749.0,75453.0,4269,Low
X1,2020,South America,Silver,Petrol,Automatic,4.8,168607.0,64501.0,7138,High
5 Series,2020,South America,Blue,Electric,Manual,1.8,18642.0,53862.0,6897,Low
I8,2020,South America,White,Hybrid,Automatic,2.5,59781.0,62084.0,4541,Low
X3,2020,Asia,Silver,Hybrid,Manual,1.7,66746.0,113110.0,3430,Low
X3,2020,Europe,Black,Hybrid,Automatic,1.8,95059.0,54035.0,9818,High
X6,2020,Africa,White,Diesel,Automatic,4.4,61126.0,72548.0,3502,Low
7 Series,2020,Europe,Red,Petrol,Automatic,3.0,126405.0,82763.0,8213,High
5 Series,2020,Africa,White,Electric,Manual,2.3,163444.0,119486.0,4668,Low
X6,2020,North America,Silver,Electric,Manual,4.1,143469.0,84891.0,9653,High
7 Series,2020,South America,Black,Diesel,Manual,2.1,122131.0,49898.0,3080,Low
I8,2020,Asia,White,Hybrid,Manual,2.7,111872.0,34401.0,288,Low
I3,2020,Middle East,Grey,Electric,Automatic,1.9,177164.0,42661.0,4350,Low
X5,2020,Asia,Grey,Hybrid,Manual,2.9,53133.0,44119.0,289,Low
5 Series,2020,Asia,Grey,Petrol,Automatic,3.1,158108.0,99486.0,8148,High
X6,2020,South America,Blue,Diesel,Automatic,2.4,135437.0,114860.0,9792,High
X5,2020,Europe,Blue,Diesel,Manual,4.1,127392.0,86328.0,8960,High
X3,2020,North America,Blue,Hybrid,Manual,2.3,197927.0,79540.0,4800,Low
M3,2020,Middle East,White,Petrol,Manual,3.8,140736.0,93306.0,7515,High
M5,2020,South America,Red,Petrol,Manual,4.3,169167.0,92844.0,8614,High
M5,2021,South America,Grey,Petrol,Automatic,3.3,88342.0,108240.0,4561,Low
5 Series,2021,South America,Black,Diesel,Manual,4.9,97375.0,36798.0,5556,Low
X1,2021,Africa,Red,Hybrid,Automatic,4.7,190652.0,41920.0,2600,Low
X3,2021,South America,Blue,Electric,Automatic,4.8,179860.0,41973.0,222,Low
M5,2021,Europe,Black,Diesel,Automatic,1.8,156761.0,54863.0,5742,Low
M5,2021,North America,Silver,Diesel,Manual,3.5,52191.0,66769.0,1942,Low
X6,2021,Middle East,Silver,Electric,Manual,4.2,15012.0,45477.0,9914,High
I3,2021,Africa,Grey,Petrol,Manual,4.1,108814.0,66550.0,4863,Low
M3,2021,North America,Grey,Diesel,Manual,1.7,54226.0,116198.0,7059,High
I8,2021,Africa,Black,Diesel,Manual,3.8,164473.0,102381.0,9156,High
I3,2021,Middle East,Red,Diesel,Automatic,3.5,18186.0,105635.0,1127,Low
X6,2021,South America,Blue,Petrol,Automatic,3.5,27659.0,60936.0,2428,Low
M5,2021,Asia,Red,Hybrid,Automatic,3.0,105162.0,32076.0,9469,High
M5,2021,Middle East,Silver,Petrol,Manual,1.8,158910.0,60717.0,5724,Low
I8,2021,South America,Silver,Diesel,Manual,4.8,3188.0,64577.0,448,Low
X1,2021,South America,Grey,Diesel,Automatic,3.0,37616.0,79927.0,1057,Low
M3,2021,South America,Grey,Diesel,Automatic,2.8,72907.0,31385.0,634,Low
X3,2021,North America,Grey,Electric,Manual,2.8,75480.0,68274.0,5759,Low
X3,2021,Middle East,Grey,Electric,Automatic,4.3,63050.0,107348.0,2451,Low
X6,2021,Asia,Red,Hybrid,Manual,1.6,13086.0,36462.0,7133,High
I3,2021,South America,Red,Electric,Manual,4.6,107985.0,43355.0,945,Low
3 Series,2021,Africa,Grey,Diesel,Manual,4.3,170208.0,40194.0,4548,Low
3 Series,2021,Asia,White,Hybrid,Manual,3.8,157700.0,87186.0,5065,Low
M3,2021,Europe,Grey,Diesel,Automatic,3.5,84049.0,85372.0,1724,Low
M3,2021,Africa,Blue,Petrol,Automatic,1.5,11430.0,109949.0,6188,Low
3 Series,2021,Middle East,Silver,Diesel,Manual,3.5,15243.0,59038.0,8592,High
5 Series,2021,Africa,Silver,Electric,Automatic,3.6,41993.0,57907.0,9284,High
X1,2021,Middle East,White,Petrol,Manual,4.4,73455.0,82944.0,939,Low
X5,2021,Asia,Silver,Diesel,Manual,4.2,48241.0,106595.0,5829,Low
I8,2021,Europe,Grey,Electric,Automatic,3.4,157823.0,114472.0,2087,Low
I3,2021,North America,Silver,Electric,Automatic,1.8,112862.0,66155.0,3748,Low
M3,2021,Asia,Blue,Diesel,Automatic,3.1,139850.0,34852.0,2275,Low
7 Series,2021,Africa,Silver,Diesel,Manual,3.5,175240.0,82064.0,9362,High
X5,2021,Europe,Blue,Electric,Automatic,2.5,159267.0,67930.0,1636,Low
X6,2021,North America,White,Hybrid,Manual,4.1,65897.0,98902.0,232,Low
3 Series,2021,South America,Black,Electric,Automatic,2.0,162323.0,72641.0,4298,Low
7 Series,2021,Asia,Grey,Petrol,Automatic,3.9,22072.0,118835.0,5134,Low
X6,2021,Africa,Grey,Petrol,Automatic,4.1,192233.0,32423.0,844,Low
X5,2021,Middle East,Black,Petrol,Automatic,4.3,44279.0,96256.0,7627,High
X1,2021,Asia,Silver,Diesel,Manual,2.6,84621.0,119897.0,4601,Low
X3,2021,Europe,Blue,Hybrid,Manual,2.0,126258.0,32119.0,4249,Low
7 Series,2021,South America,Blue,Petrol,Automatic,1.9,68969.0,111071.0,5908,Low
X1,2021,Europe,Silver,Petrol,Manual,3.6,133833.0,60897.0,9452,High
X5,2021,North America,Black,Hybrid,Manual,1.8,72036.0,36771.0,2957,Low
I3,2021,Asia,White,Diesel,Manual,3.1,197135.0,85400.0,2031,Low
5 Series,2021,Europe,Black,Electric,Automatic,4.4,82062.0,84946.0,2018,Low
I8,2021,Middle East,White,Petrol,Manual,3.0,84842.0,110429.0,2787,Low
I8,2021,Asia,Red,Petrol,Automatic,4.2,186386.0,102049.0,9767,High
M3,2021,Middle East,White,Hybrid,Manual,2.9,162609.0,54134.0,904,Low
7 Series,2021,Middle East,Grey,Electric,Automatic,4.9,121064.0,109197.0,789,Low
5 Series,2021,Asia,Blue,Electric,Manual,1.6,140059.0,82668.0,271,Low
I3,2021,Europe,White,Hybrid,Automatic,1.7,129001.0,105938.0,3288,Low
7 Series,2021,North America,Blue,Diesel,Automatic,2.3,75181.0,91179.0,5603,Low
X3,2021,Africa,Blue,Electric,Automatic,4.2,169825.0,30158.0,8293,High
7 Series,2021,Europe,Black,Diesel,Automatic,4.2,83191.0,60731.0,6249,Low
3 Series,2021,Europe,Red,Hybrid,Manual,3.3,48443.0,93579.0,4695,Low
X5,2021,South America,Red,Diesel,Manual,2.2,184981.0,47527.0,6273,Low
X6,2021,Europe,White,Hybrid,Manual,4.1,57533.0,85638.0,3739,Low
X3,2021,Asia,Silver,Hybrid,Automatic,3.8,57759.0,119692.0,6782,Low
M5,2021,Africa,Silver,Hybrid,Manual,2.8,61940.0,86643.0,4103,Low
X1,2021,North America,Grey,Petrol,Automatic,2.2,184417.0,76909.0,6636,Low
5 Series,2021,North America,Blue,Hybrid,Automatic,3.6,166252.0,52030.0,1849,Low
3 Series,2021,North America,Black,Hybrid,Automatic,3.9,87632.0,65089.0,660,Low
I8,2021,North America,Blue,Hybrid,Manual,3.4,130258.0,54537.0,8486,High
X5,2021,Africa,Red,Diesel,Manual,3.4,99697.0,60278.0,2913,Low
5 Series,2021,Middle East,Red,Diesel,Automatic,4.0,106679.0,97853.0,1474,Low
X1,2022,Europe,Grey,Hybrid,Automatic,2.3,144493.0,117470.0,4586,Low
X6,2022,Africa,Silver,Diesel,Automatic,2.6,151529.0,88249.0,4363,Low
I8,2022,Africa,Black,Diesel,Manual,4.8,89921.0,41946.0,2452,Low
I3,2022,Africa,Red,Hybrid,Manual,4.3,158763.0,39371.0,8106,High
M5,2022,Middle East,Blue,Petrol,Automatic,4.6,53187.0,81354.0,784,Low
I3,2022,Middle East,Blue,Petrol,Manual,5.0,182178.0,118359.0,7522,High
X6,2022,Asia,White,Electric,Manual,1.9,182027.0,35951.0,3389,Low
3 Series,2022,Europe,Grey,Diesel,Automatic,4.6,120792.0,97710.0,3387,Low
M3,2022,Africa,Grey,Diesel,Automatic,2.6,75040.0,47220.0,2110,Low
I3,2022,Europe,Blue,Hybrid,Automatic,3.8,138465.0,40920.0,6518,Low
X6,2022,Europe,White,Electric,Manual,4.4,111818.0,115531.0,614,Low
I3,2022,Asia,Grey,Hybrid,Automatic,1.7,61486.0,110653.0,9176,High
M3,2022,South America,Red,Petrol,Automatic,2.5,7248.0,50328.0,3627,Low
M3,2022,Europe,Grey,Petrol,Manual,2.8,160092.0,107369.0,8924,High
M3,2022,Asia,Blue,Diesel,Manual,1.8,189688.0,38811.0,7337,High
7 Series,2022,North America,Silver,Petrol,Automatic,1.6,123623.0,52099.0,4212,Low
5 Series,2022,South America,White,Hybrid,Automatic,4.8,72789.0,31861.0,3601,Low
5 Series,2022,Africa,Blue,Electric,Automatic,2.2,102335.0,113697.0,3810,Low
M5,2022,Asia,Blue,Petrol,Manual,2.2,106054.0,47495.0,1975,Low
7 Series,2022,South America,Silver,Petrol,Automatic,4.3,166692.0,101143.0,257,Low
X5,2022,North America,White,Diesel,Manual,3.9,10495.0,49281.0,4537,Low
X3,2022,Europe,Black,Petrol,Manual,2.7,197678.0,49919.0,491,Low
X1,2022,Asia,Grey,Petrol,Automatic,1.8,158495.0,53776.0,450,Low
3 Series,2022,South America,Red,Electric,Automatic,3.6,68978.0,107968.0,4129,Low
M5,2022,Europe,Grey,Diesel,Automatic,3.8,79511.0,98141.0,3756,Low
X5,2022,Africa,White,Electric,Automatic,3.7,123227.0,72436.0,5761,Low
X6,2022,North America,White,Hybrid,Automatic,3.7,172961.0,36829.0,7453,High
I8,2022,North America,Red,Diesel,Automatic,3.7,109138.0,91576.0,2132,Low
X5,2022,Middle East,Blue,Hybrid,Manual,3.3,25709.0,60203.0,4029,Low
5 Series,2022,Middle East,Silver,Electric,Automatic,2.8,1693.0,47210.0,2951,Low
M5,2022,South America,White,Petrol,Manual,4.8,151188.0,101717.0,8168,High
X5,2022,Asia,Silver,Diesel,Manual,2.0,66794.0,51179.0,3335,Low
7 Series,2022,Middle East,Blue,Diesel,Automatic,2.3,126953.0,57691.0,271,Low
I8,2022,Middle East,Black,Hybrid,Manual,3.5,36421.0,117586.0,5532,Low
M5,2022,Africa,Grey,Petrol,Manual,2.6,185369.0,108495.0,197,Low
X6,2022,Middle East,White,Diesel,Manual,2.5,93721.0,98297.0,4590,Low
X1,2022,Middle East,Grey,Hybrid,Manual,4.3,143013.0,116432.0,4926,Low
7 Series,2022,Africa,Black,Electric,Manual,1.8,106864.0,37051.0,8999,High
X5,2022,South America,White,Electric,Automatic,4.5,5755.0,68667.0,9360,High
5 Series,2022,Europe,Silver,Diesel,Manual,2.3,111160.0,113726.0,7489,High
3 Series,2022,Asia,Blue,Electric,Automatic,2.3,34532.0,90267.0,6372,Low
M3,2022,North America,Silver,Electric,Manual,2.7,103901.0,105252.0,6981,Low
M3,2022,Middle East,Silver,Electric,Automatic,2.0,35324.0,66185.0,9632,High
7 Series,2022,Europe,Blue,Electric,Manual,2.7,64806.0,75351.0,8756,High
3 Series,2022,Middle East,Silver,Petrol,Automatic,4.1,116572.0,47284.0,3730,Low
5 Series,2022,North America,Blue,Petrol,Automatic,4.5,10991.0,113265.0,6994,Low
X3,2022,Middle East,Grey,Petrol,Manual,3.5,52217.0,78144.0,9420,High
I8,2022,Europe,White,Diesel,Manual,1.8,196741.0,55064.0,7949,High
X6,2022,South America,White,Diesel,Manual,3.4,48848.0,58719.0,2872,Low
X3,2022,Asia,Black,Diesel,Manual,4.0,160878.0,53997.0,2162,Low
I3,2022,North America,Black,Hybrid,Automatic,3.0,81603.0,115537.0,5387,Low
3 Series,2022,Africa,White,Electric,Manual,2.0,28730.0,101189.0,8196,High
I3,2022,South America,White,Diesel,Manual,4.0,136323.0,35945.0,4643,Low
5 Series,2022,Asia,Silver,Petrol,Automatic,3.5,2247.0,78078.0,2228,Low
I8,2022,Asia,White,Diesel,Manual,2.9,174399.0,61129.0,1923,Low
X3,2022,North America,Grey,Electric,Manual,2.7,21607.0,74435.0,9536,High
X1,2022,North America,Silver,Diesel,Manual,4.8,142009.0,55139.0,2255,Low
I8,2022,South America,Grey,Diesel,Automatic,4.9,103105.0,66212.0,4055,Low
X1,2022,South America,Black,Petrol,Automatic,2.3,26767.0,117363.0,642,Low
7 Series,2022,Asia,Black,Electric,Manual,3.4,157901.0,51785.0,7315,High
X3,2022,South America,Blue,Diesel,Automatic,3.1,1536.0,42468.0,9374,High
X5,2022,Europe,White,Petrol,Manual,4.2,153816.0,113580.0,473,Low
M5,2022,North America,Black,Petrol,Automatic,3.5,56293.0,58700.0,249,Low
X1,2022,Africa,Blue,Hybrid,Automatic,2.2,16720.0,41380.0,2118,Low
3 Series,2022,North America,White,Petrol,Automatic,3.6,33197.0,36961.0,7644,High
X3,2022,Africa,Black,Petrol,Manual,1.8,10590.0,105924.0,5139,Low
I3,2023,North America,Silver,Petrol,Automatic,4.9,94453.0,79039.0,8283,High
5 Series,2023,South America,Red,Petrol,Manual,2.4,181200.0,46751.0,5122,Low
3 Series,2023,Africa,Black,Petrol,Manual,4.6,95366.0,101460.0,3182,Low
3 Series,2023,South America,White,Petrol,Automatic,2.1,190846.0,56836.0,5315,Low
3 Series,2023,North America,Grey,Diesel,Automatic,4.4,77275.0,114474.0,4347,Low
M5,2023,Asia,Red,Electric,Manual,3.0,130509.0,94884.0,9645,High
M3,2023,Asia,Black,Electric,Automatic,2.4,196238.0,109772.0,1993,Low
X5,2023,North America,Blue,Hybrid,Manual,4.0,83959.0,43850.0,9612,High
M5,2023,North America,Red,Petrol,Manual,2.7,185136.0,39320.0,4512,Low
X1,2023,Europe,Silver,Diesel,Manual,3.2,112416.0,53115.0,874,Low
7 Series,2023,North America,Grey,Diesel,Automatic,4.8,64153.0,117121.0,4823,Low
5 Series,2023,Middle East,Red,Diesel,Manual,1.9,47837.0,34330.0,1106,Low
I3,2023,Africa,Grey,Hybrid,Manual,1.8,73990.0,89587.0,6301,Low
7 Series,2023,Asia,Blue,Diesel,Automatic,2.3,52061.0,96938.0,1714,Low
X1,2023,Asia,White,Hybrid,Automatic,3.4,84606.0,89868.0,3445,Low
5 Series,2023,North America,Blue,Petrol,Automatic,1.9,139301.0,85255.0,4180,Low
7 Series,2023,South America,Black,Electric,Manual,2.3,179767.0,47128.0,7301,High
7 Series,2023,Europe,Red,Electric,Manual,5.0,50602.0,83812.0,2241,Low
X5,2023,Middle East,Red,Diesel,Automatic,4.0,146310.0,60096.0,7480,High
M5,2023,South America,Silver,Diesel,Manual,4.9,140914.0,34553.0,6549,Low
3 Series,2023,Middle East,Silver,Hybrid,Manual,3.7,80136.0,62329.0,2827,Low
X3,2023,South America,White,Petrol,Automatic,3.6,156141.0,51627.0,6673,Low
I3,2023,Middle East,Black,Electric,Manual,4.2,2005.0,41659.0,1786,Low
I8,2023,North America,Red,Petrol,Automatic,3.0,97782.0,105442.0,1568,Low
X5,2023,Asia,Silver,Electric,Automatic,1.9,34635.0,87087.0,3372,Low
5 Series,2023,Asia,Grey,Hybrid,Manual,2.7,108770.0,35861.0,9581,High
X3,2023,Europe,Red,Hybrid,Manual,3.0,12922.0,101473.0,8030,High
X1,2023,Africa,White,Hybrid,Automatic,4.6,136514.0,94933.0,4533,Low
X1,2023,North America,Black,Electric,Automatic,4.3,94402.0,52338.0,1818,Low
X1,2023,South America,Red,Electric,Automatic,2.5,91220.0,51804.0,4142,Low
X5,2023,Europe,Red,Hybrid,Manual,1.5,30781.0,34923.0,8937,High
M3,2023,South America,Grey,Hybrid,Manual,4.2,80410.0,55419.0,7109,High
X3,2023,Africa,Red,Diesel,Automatic,4.4,107744.0,113606.0,734,Low
X3,2023,Asia,Blue,Petrol,Automatic,2.9,87564.0,103988.0,5141,Low
M3,2023,Africa,White,Electric,Manual,4.4,35796.0,45975.0,2999,Low
X6,2023,Europe,White,Hybrid,Automatic,3.3,54800.0,100512.0,9966,High
7 Series,2023,Africa,Red,Diesel,Automatic,2.1,117012.0,60516.0,4821,Low
5 Series,2023,Europe,Blue,Petrol,Manual,3.8,145561.0,90206.0,2314,Low
X3,2023,Middle East,White,Electric,Automatic,4.1,194398.0,85370.0,4645,Low
M3,2023,North America,Silver,Hybrid,Manual,4.7,26402.0,35130.0,9240,High
X6,2023,Middle East,Silver,Petrol,Automatic,3.1,145161.0,74109.0,5550,Low
M5,2023,Europe,Grey,Hybrid,Automatic,5.0,16692.0,99296.0,5943,Low
I8,2023,Europe,Blue,Diesel,Automatic,3.8,78573.0,118317.0,7168,High
X5,2023,Africa,Red,Diesel,Automatic,2.0,74612.0,63767.0,1602,Low
X1,2023,Middle East,Silver,Diesel,Manual,2.0,172729.0,85801.0,8644,High
I8,2023,Asia,White,Diesel,Manual,3.3,6535.0,51523.0,4000,Low
M3,2023,Middle East,Silver,Hybrid,Automatic,4.0,31766.0,92328.0,162,Low
7 Series,2023,Middle East,Grey,Petrol,Manual,3.3,138440.0,107095.0,8621,High
M5,2023,Middle East,Grey,Electric,Automatic,3.2,177722.0,90483.0,8800,High
5 Series,2023,Africa,Silver,Diesel,Manual,1.8,31257.0,52006.0,6219,Low
3 Series,2023,Europe,Black,Electric,Manual,2.8,128295.0,86402.0,4266,Low
X3,2023,North America,Blue,Hybrid,Automatic,3.9,162596.0,89574.0,7612,High
I3,2023,Asia,Silver,Electric,Automatic,4.4,197104.0,35496.0,7308,High
X5,2023,South America,Black,Diesel,Manual,4.4,183143.0,86846.0,5598,Low
X6,2023,North America,White,Electric,Automatic,2.5,100722.0,104125.0,2212,Low
I3,2023,South America,Red,Petrol,Automatic,4.8,143267.0,97752.0,366,Low
X6,2023,Africa,White,Hybrid,Automatic,2.8,84367.0,112542.0,7933,High
I8,2023,South America,Grey,Petrol,Manual,3.8,45065.0,37855.0,6143,Low
3 Series,2023,Asia,Grey,Diesel,Manual,2.4,58991.0,84635.0,3507,Low
X6,2023,Asia,Red,Diesel,Manual,4.7,32173.0,54649.0,6736,Low
X6,2023,South America,Grey,Petrol,Automatic,2.9,167411.0,94959.0,8066,High
I8,2023,Africa,Black,Hybrid,Automatic,3.3,123239.0,52193.0,6006,Low
I8,2023,Middle East,Red,Hybrid,Manual,2.2,150837.0,100179.0,2075,Low
I3,2023,Europe,Grey,Hybrid,Automatic,3.2,136858.0,54036.0,3108,Low
M5,2023,Africa,Red,Diesel,Automatic,3.3,197506.0,111648.0,9209,High
M3,2023,Europe,Red,Petrol,Automatic,1.7,159433.0,83009.0,215,Low
I3,2024,Middle East,Red,Petrol,Automatic,3.5,135958.0,69578.0,173,Low
I8,2024,Europe,Grey,Hybrid,Manual,1.9,153385.0,64860.0,7478,High
7 Series,2024,Africa,Blue,Diesel,Automatic,3.1,132686.0,42013.0,8472,High
M3,2024,Europe,Red,Hybrid,Manual,3.6,27329.0,40543.0,9239,High
X6,2024,Africa,Blue,Petrol,Automatic,3.2,177835.0,72395.0,1626,Low
I8,2024,Middle East,Black,Petrol,Automatic,2.4,92454.0,118386.0,8677,High
5 Series,2024,Middle East,Grey,Petrol,Manual,3.6,120789.0,49279.0,9951,High
X6,2024,Europe,Silver,Hybrid,Manual,3.6,131579.0,36319.0,6496,Low
7 Series,2024,North America,Grey,Electric,Manual,2.4,80659.0,92213.0,5456,Low
X6,2024,Middle East,White,Electric,Manual,3.8,11344.0,113647.0,1983,Low
X3,2024,Middle East,Blue,Petrol,Automatic,1.7,27255.0,60971.0,4047,Low
X1,2024,Europe,Red,Petrol,Automatic,2.7,24141.0,84346.0,4289,Low
X3,2024,South America,White,Petrol,Manual,3.7,100977.0,48260.0,8620,High
3 Series,2024,Middle East,Silver,Electric,Manual,2.3,171594.0,57119.0,6481,Low
X3,2024,Asia,Silver,Petrol,Manual,4.8,29173.0,60289.0,7710,High
5 Series,2024,North America,Silver,Electric,Manual,2.3,15733.0,117390.0,8994,High
I8,2024,South America,White,Petrol,Automatic,1.6,82968.0,32044.0,657,Low
X5,2024,North America,Red,Diesel,Manual,4.9,197189.0,89589.0,4132,Low
X5,2024,South America,Black,Hybrid,Manual,3.6,111661.0,82675.0,2155,Low
M3,2024,South America,Red,Diesel,Manual,4.7,87328.0,43182.0,7818,High
M5,2024,Middle East,White,Hybrid,Automatic,2.1,43892.0,84569.0,4431,Low
X6,2024,Asia,White,Hybrid,Automatic,4.9,70559.0,96495.0,4981,Low
X6,2024,South America,Silver,Hybrid,Manual,4.9,194773.0,33869.0,934,Low
I3,2024,Asia,Red,Petrol,Manual,1.9,42153.0,62609.0,897,Low
X1,2024,Asia,Grey,Hybrid,Automatic,3.8,198285.0,102818.0,3880,Low
X1,2024,Middle East,Grey,Electric,Manual,1.6,190540.0,112644.0,2922,Low
7 Series,2024,Europe,White,Diesel,Manual,2.2,162681.0,74026.0,2133,Low
5 Series,2024,Africa,Grey,Electric,Manual,2.7,145156.0,48139.0,9319,High
X5,2024,Africa,White,Petrol,Manual,3.3,93603.0,72936.0,2487,Low
M3,2024,Asia,Silver,Diesel,Automatic,4.7,45786.0,92952.0,6205,Low
X1,2024,South America,Silver,Petrol,Manual,4.7,160411.0,76189.0,1131,Low
X5,2024,Asia,Blue,Hybrid,Automatic,2.6,120597.0,95900.0,8581,High
M5,2024,Asia,Silver,Electric,Automatic,3.0,149252.0,76673.0,9265,High
M5,2024,Europe,Black,Diesel,Automatic,3.9,70998.0,59653.0,2064,Low
X3,2024,Europe,Red,Electric,Manual,4.7,1390.0,119117.0,7270,High
3 Series,2024,South America,Grey,Hybrid,Automatic,3.2,144152.0,49557.0,1180,Low
I3,2024,North America,Black,Diesel,Manual,2.9,108780.0,42697.0,8838,High
I3,2024,South America,White,Hybrid,Automatic,2.1,197241.0,106619.0,719,Low
7 Series,2024,South America,Grey,Petrol,Manual,4.1,6373.0,41921.0,9249,High
X5,2024,Europe,Blue,Petrol,Manual,3.4,82598.0,113709.0,8047,High
X6,2024,North America,White,Petrol,Manual,2.4,120004.0,109733.0,8345,High
7 Series,2024,Middle East,Silver,Diesel,Manual,3.3,126765.0,65636.0,2166,Low
I8,2024,Africa,White,Petrol,Manual,3.8,145740.0,97980.0,6665,Low
M5,2024,North America,Black,Diesel,Manual,2.7,143885.0,90388.0,7944,High
M3,2024,Middle East,Silver,Petrol,Automatic,2.1,115373.0,40596.0,2729,Low
I8,2024,North America,Silver,Hybrid,Automatic,3.4,31725.0,85692.0,3638,Low
M3,2024,North America,Silver,Petrol,Manual,2.1,50194.0,37211.0,9243,High
I3,2024,Europe,Black,Hybrid,Automatic,3.8,75550.0,84588.0,8537,High
3 Series,2024,North America,Silver,Electric,Manual,1.8,46438.0,114654.0,4076,Low
M5,2024,South America,Blue,Petrol,Manual,2.0,32207.0,35232.0,4545,Low
M3,2024,Africa,White,Hybrid,Manual,1.8,2655.0,91248.0,8772,High
I8,2024,Asia,Red,Hybrid,Automatic,4.9,30067.0,109076.0,2244,Low
7 Series,2024,Asia,Red,Hybrid,Automatic,3.4,83608.0,113671.0,5644,Low
X3,2024,Africa,Blue,Hybrid,Manual,1.5,84641.0,111418.0,3378,Low
I3,2024,Africa,Black,Hybrid,Manual,4.4,153320.0,50855.0,3798,Low
3 Series,2024,Asia,Silver,Hybrid,Manual,2.3,196021.0,74976.0,6377,Low
M5,2024,Africa,Grey,Hybrid,Automatic,2.3,171100.0,42298.0,8645,High
X3,2024,North America,Grey,Diesel,Automatic,1.8,164725.0,31672.0,2380,Low
X1,2024,North America,Grey,Petrol,Manual,3.0,182647.0,82874.0,1404,Low
3 Series,2024,Europe,Red,Hybrid,Automatic,3.2,37844.0,60458.0,4277,Low
3 Series,2024,Africa,Grey,Electric,Manual,4.3,69653.0,113482.0,4956,Low
5 Series,2024,South America,Silver,Petrol,Automatic,1.6,110993.0,55965.0,2088,Low
X5,2024,Middle East,White,Hybrid,Automatic,4.3,78733.0,75419.0,5961,Low
X1,2024,Africa,Red,Petrol,Manual,1.7,57631.0,88698.0,5292,Low
5 Series,2024,Asia,Blue,Electric,Manual,3.7,157789.0,86855.0,648,Low
5 Series,2024,Europe,Red,Electric,Automatic,5.0,40963.0,46019.0,8074,High
